question_id,outline_frame_id,outline_id,document_id,filename,product_model,heading_text,section_path,page_start,page_end,page_bin,direct_source_frame_ids,question_family,language,selection_seed,slot_status,review_status,question_pair_id
Q-001,7b2e79c5-ed95-43f3-bb4b-e882e3bfeefa:OUTLINE:e271e0b47a14e4d5,7b2e79c5-ed95-43f3-bb4b-e882e3bfeefa:OUTLINE:e271e0b47a14e4d5,7b2e79c5-ed95-43f3-bb4b-e882e3bfeefa,netgear-cm2000.pdf,CM2000,Rear Panel,Hardware Setup > Rear Panel,6,8,P1,7b2e79c5-ed95-43f3-bb4b-e882e3bfeefa:724d26e2-ed75-5043-b025-de4c01da0714,facts_specifications,en,20260831,open,authoring_context_reviewed,Q-001
Q-101,7b2e79c5-ed95-43f3-bb4b-e882e3bfeefa:OUTLINE:e271e0b47a14e4d5,7b2e79c5-ed95-43f3-bb4b-e882e3bfeefa:OUTLINE:e271e0b47a14e4d5,7b2e79c5-ed95-43f3-bb4b-e882e3bfeefa,netgear-cm2000.pdf,CM2000,Rear Panel,Hardware Setup > Rear Panel,6,8,P1,7b2e79c5-ed95-43f3-bb4b-e882e3bfeefa:724d26e2-ed75-5043-b025-de4c01da0714,facts_specifications,id,20260831,open,authoring_context_reviewed,Q-001
Q-002,7b2e79c5-ed95-43f3-bb4b-e882e3bfeefa:OUTLINE:7cd40e7c102d4666,7b2e79c5-ed95-43f3-bb4b-e882e3bfeefa:OUTLINE:7cd40e7c102d4666,7b2e79c5-ed95-43f3-bb4b-e882e3bfeefa,netgear-cm2000.pdf,CM2000,Label,Hardware Setup > Label,8,8,P2,7b2e79c5-ed95-43f3-bb4b-e882e3bfeefa:b9899548-cfa5-5bb4-8284-7d82e663abd1,facts_specifications,en,20260831,open,authoring_context_reviewed,Q-002
Q-102,7b2e79c5-ed95-43f3-bb4b-e882e3bfeefa:OUTLINE:7cd40e7c102d4666,7b2e79c5-ed95-43f3-bb4b-e882e3bfeefa:OUTLINE:7cd40e7c102d4666,7b2e79c5-ed95-43f3-bb4b-e882e3bfeefa,netgear-cm2000.pdf,CM2000,Label,Hardware Setup > Label,8,8,P2,7b2e79c5-ed95-43f3-bb4b-e882e3bfeefa:b9899548-cfa5-5bb4-8284-7d82e663abd1,facts_specifications,id,20260831,open,authoring_context_reviewed,Q-002
Q-003,7b2e79c5-ed95-43f3-bb4b-e882e3bfeefa:OUTLINE:4b622d7b00d4e652,7b2e79c5-ed95-43f3-bb4b-e882e3bfeefa:OUTLINE:4b622d7b00d4e652,7b2e79c5-ed95-43f3-bb4b-e882e3bfeefa,netgear-cm2000.pdf,CM2000,Connect Your Cable Modem to a Router After Installation and Activation,Hardware Setup > Install and Activate Your Cable Modem > Connect Your Cable Modem to a Router After Installation and Activation,11,12,P2,7b2e79c5-ed95-43f3-bb4b-e882e3bfeefa:8fd1b794-0507-59d3-88fa-2209736ef6da,setup_configuration,en,20260831,open,authoring_context_reviewed,Q-003
Q-103,7b2e79c5-ed95-43f3-bb4b-e882e3bfeefa:OUTLINE:4b622d7b00d4e652,7b2e79c5-ed95-43f3-bb4b-e882e3bfeefa:OUTLINE:4b622d7b00d4e652,7b2e79c5-ed95-43f3-bb4b-e882e3bfeefa,netgear-cm2000.pdf,CM2000,Connect Your Cable Modem to a Router After Installation and Activation,Hardware Setup > Install and Activate Your Cable Modem > Connect Your Cable Modem to a Router After Installation and Activation,11,12,P2,7b2e79c5-ed95-43f3-bb4b-e882e3bfeefa:8fd1b794-0507-59d3-88fa-2209736ef6da,setup_configuration,id,20260831,open,authoring_context_reviewed,Q-003
Q-004,7b2e79c5-ed95-43f3-bb4b-e882e3bfeefa:OUTLINE:98f6c2f591f61009,7b2e79c5-ed95-43f3-bb4b-e882e3bfeefa:OUTLINE:98f6c2f591f61009,7b2e79c5-ed95-43f3-bb4b-e882e3bfeefa,netgear-cm2000.pdf,CM2000,Change the admin password,Manage Your Network > Change the admin password,14,15,P3,7b2e79c5-ed95-43f3-bb4b-e882e3bfeefa:0de5a970-8b6a-5e57-ba98-6f57671a841c,setup_configuration,en,20260831,open,authoring_context_reviewed,Q-004
Q-104,7b2e79c5-ed95-43f3-bb4b-e882e3bfeefa:OUTLINE:98f6c2f591f61009,7b2e79c5-ed95-43f3-bb4b-e882e3bfeefa:OUTLINE:98f6c2f591f61009,7b2e79c5-ed95-43f3-bb4b-e882e3bfeefa,netgear-cm2000.pdf,CM2000,Change the admin password,Manage Your Network > Change the admin password,14,15,P3,7b2e79c5-ed95-43f3-bb4b-e882e3bfeefa:0de5a970-8b6a-5e57-ba98-6f57671a841c,setup_configuration,id,20260831,open,authoring_context_reviewed,Q-004
Q-005,7b2e79c5-ed95-43f3-bb4b-e882e3bfeefa:OUTLINE:6a53389304868c8b,7b2e79c5-ed95-43f3-bb4b-e882e3bfeefa:OUTLINE:6a53389304868c8b,7b2e79c5-ed95-43f3-bb4b-e882e3bfeefa,netgear-cm2000.pdf,CM2000,View cable modem initialization,Manage Your Network > View cable modem initialization,15,15,P3,7b2e79c5-ed95-43f3-bb4b-e882e3bfeefa:eb2ebf98-481f-54be-b4a3-56ea1bdf5749,facts_specifications,en,20260831,open,authoring_context_reviewed,Q-005
Q-105,7b2e79c5-ed95-43f3-bb4b-e882e3bfeefa:OUTLINE:6a53389304868c8b,7b2e79c5-ed95-43f3-bb4b-e882e3bfeefa:OUTLINE:6a53389304868c8b,7b2e79c5-ed95-43f3-bb4b-e882e3bfeefa,netgear-cm2000.pdf,CM2000,View cable modem initialization,Manage Your Network > View cable modem initialization,15,15,P3,7b2e79c5-ed95-43f3-bb4b-e882e3bfeefa:eb2ebf98-481f-54be-b4a3-56ea1bdf5749,facts_specifications,id,20260831,open,authoring_context_reviewed,Q-005
Q-006,7b2e79c5-ed95-43f3-bb4b-e882e3bfeefa:OUTLINE:922aff4d97250b1a,7b2e79c5-ed95-43f3-bb4b-e882e3bfeefa:OUTLINE:922aff4d97250b1a,7b2e79c5-ed95-43f3-bb4b-e882e3bfeefa,netgear-cm2000.pdf,CM2000,Use the factory reset software button,Manage Your Network > Reset the cable modem to factory default settings > Use the factory reset software button,19,19,P4,7b2e79c5-ed95-43f3-bb4b-e882e3bfeefa:62f9a09d-d5a8-5805-8b92-4d0be62383ce,troubleshooting_diagnostics,en,20260831,open,authoring_context_reviewed,Q-006
Q-106,7b2e79c5-ed95-43f3-bb4b-e882e3bfeefa:OUTLINE:922aff4d97250b1a,7b2e79c5-ed95-43f3-bb4b-e882e3bfeefa:OUTLINE:922aff4d97250b1a,7b2e79c5-ed95-43f3-bb4b-e882e3bfeefa,netgear-cm2000.pdf,CM2000,Use the factory reset software button,Manage Your Network > Reset the cable modem to factory default settings > Use the factory reset software button,19,19,P4,7b2e79c5-ed95-43f3-bb4b-e882e3bfeefa:62f9a09d-d5a8-5805-8b92-4d0be62383ce,troubleshooting_diagnostics,id,20260831,open,authoring_context_reviewed,Q-006
Q-007,7b2e79c5-ed95-43f3-bb4b-e882e3bfeefa:OUTLINE:25d276b399cc0e63,7b2e79c5-ed95-43f3-bb4b-e882e3bfeefa:OUTLINE:25d276b399cc0e63,7b2e79c5-ed95-43f3-bb4b-e882e3bfeefa,netgear-cm2000.pdf,CM2000,Use the reset button on the back panel,Manage Your Network > Reset the cable modem to factory default settings > Use the reset button on the back panel,19,19,P4,7b2e79c5-ed95-43f3-bb4b-e882e3bfeefa:c5c4c17f-c329-5b9c-837f-7d33e641682f,troubleshooting_diagnostics,en,20260831,open,authoring_context_reviewed,Q-007
Q-107,7b2e79c5-ed95-43f3-bb4b-e882e3bfeefa:OUTLINE:25d276b399cc0e63,7b2e79c5-ed95-43f3-bb4b-e882e3bfeefa:OUTLINE:25d276b399cc0e63,7b2e79c5-ed95-43f3-bb4b-e882e3bfeefa,netgear-cm2000.pdf,CM2000,Use the reset button on the back panel,Manage Your Network > Reset the cable modem to factory default settings > Use the reset button on the back panel,19,19,P4,7b2e79c5-ed95-43f3-bb4b-e882e3bfeefa:c5c4c17f-c329-5b9c-837f-7d33e641682f,troubleshooting_diagnostics,id,20260831,open,authoring_context_reviewed,Q-007
Q-008,7b2e79c5-ed95-43f3-bb4b-e882e3bfeefa:OUTLINE:a071a10fef9360ce,7b2e79c5-ed95-43f3-bb4b-e882e3bfeefa:OUTLINE:a071a10fef9360ce,7b2e79c5-ed95-43f3-bb4b-e882e3bfeefa,netgear-cm2000.pdf,CM2000,Cannot log in to the cable modem,Troubleshooting > Cannot log in to the cable modem,23,23,P5,7b2e79c5-ed95-43f3-bb4b-e882e3bfeefa:85bd9c8e-a264-5649-acbc-73648b7ce861,troubleshooting_diagnostics,en,20260831,open,authoring_context_reviewed,Q-008
Q-108,7b2e79c5-ed95-43f3-bb4b-e882e3bfeefa:OUTLINE:a071a10fef9360ce,7b2e79c5-ed95-43f3-bb4b-e882e3bfeefa:OUTLINE:a071a10fef9360ce,7b2e79c5-ed95-43f3-bb4b-e882e3bfeefa,netgear-cm2000.pdf,CM2000,Cannot log in to the cable modem,Troubleshooting > Cannot log in to the cable modem,23,23,P5,7b2e79c5-ed95-43f3-bb4b-e882e3bfeefa:85bd9c8e-a264-5649-acbc-73648b7ce861,troubleshooting_diagnostics,id,20260831,open,authoring_context_reviewed,Q-008
Q-009,7b2e79c5-ed95-43f3-bb4b-e882e3bfeefa:OUTLINE:b934612f8b7cd99e,7b2e79c5-ed95-43f3-bb4b-e882e3bfeefa:OUTLINE:b934612f8b7cd99e,7b2e79c5-ed95-43f3-bb4b-e882e3bfeefa,netgear-cm2000.pdf,CM2000,Technical Specifications,Supplemental Information > Technical Specifications,25,26,P5,7b2e79c5-ed95-43f3-bb4b-e882e3bfeefa:88695618-cf2a-5bf0-9a58-da1167d8f0c6,facts_specifications,en,20260831,open,authoring_context_reviewed,Q-009
Q-109,7b2e79c5-ed95-43f3-bb4b-e882e3bfeefa:OUTLINE:b934612f8b7cd99e,7b2e79c5-ed95-43f3-bb4b-e882e3bfeefa:OUTLINE:b934612f8b7cd99e,7b2e79c5-ed95-43f3-bb4b-e882e3bfeefa,netgear-cm2000.pdf,CM2000,Technical Specifications,Supplemental Information > Technical Specifications,25,26,P5,7b2e79c5-ed95-43f3-bb4b-e882e3bfeefa:88695618-cf2a-5bf0-9a58-da1167d8f0c6,facts_specifications,id,20260831,open,authoring_context_reviewed,Q-009
Q-010,398c0bb9-3253-4629-a5ed-18f51d9fb36b:OUTLINE:9238290c613deeba,398c0bb9-3253-4629-a5ed-18f51d9fb36b:OUTLINE:9238290c613deeba,398c0bb9-3253-4629-a5ed-18f51d9fb36b,netgear-lm1200.pdf,LM1200,Install the Nano SIM Card,Introduction and Hardware Overview > Install the Nano SIM Card,10,10,P1,398c0bb9-3253-4629-a5ed-18f51d9fb36b:37f50132-32d9-5fb0-a62d-366e401ac417,setup_configuration,en,20260831,open,authoring_context_reviewed,Q-010
Q-110,398c0bb9-3253-4629-a5ed-18f51d9fb36b:OUTLINE:9238290c613deeba,398c0bb9-3253-4629-a5ed-18f51d9fb36b:OUTLINE:9238290c613deeba,398c0bb9-3253-4629-a5ed-18f51d9fb36b,netgear-lm1200.pdf,LM1200,Install the Nano SIM Card,Introduction and Hardware Overview > Install the Nano SIM Card,10,10,P1,398c0bb9-3253-4629-a5ed-18f51d9fb36b:37f50132-32d9-5fb0-a62d-366e401ac417,setup_configuration,id,20260831,open,authoring_context_reviewed,Q-010
Q-011,398c0bb9-3253-4629-a5ed-18f51d9fb36b:OUTLINE:48e34928377b828f,398c0bb9-3253-4629-a5ed-18f51d9fb36b:OUTLINE:48e34928377b828f,398c0bb9-3253-4629-a5ed-18f51d9fb36b,netgear-lm1200.pdf,LM1200,Connect a Computer to the LAN Port of the Modem,"Get Started > Connect a Computer, Switch, Hub, Router, or WiFi Router to the Modem > Connect a Computer to the LAN Port of the Modem",19,19,P1,398c0bb9-3253-4629-a5ed-18f51d9fb36b:36789817-932f-55f7-9c50-bb45d2df0cbe,setup_configuration,en,20260831,open,authoring_context_reviewed,Q-011
Q-111,398c0bb9-3253-4629-a5ed-18f51d9fb36b:OUTLINE:48e34928377b828f,398c0bb9-3253-4629-a5ed-18f51d9fb36b:OUTLINE:48e34928377b828f,398c0bb9-3253-4629-a5ed-18f51d9fb36b,netgear-lm1200.pdf,LM1200,Connect a Computer to the LAN Port of the Modem,"Get Started > Connect a Computer, Switch, Hub, Router, or WiFi Router to the Modem > Connect a Computer to the LAN Port of the Modem",19,19,P1,398c0bb9-3253-4629-a5ed-18f51d9fb36b:36789817-932f-55f7-9c50-bb45d2df0cbe,setup_configuration,id,20260831,open,authoring_context_reviewed,Q-011
Q-012,398c0bb9-3253-4629-a5ed-18f51d9fb36b:OUTLINE:38b50e33ee1e7189,398c0bb9-3253-4629-a5ed-18f51d9fb36b:OUTLINE:38b50e33ee1e7189,398c0bb9-3253-4629-a5ed-18f51d9fb36b,netgear-lm1200.pdf,LM1200,Change the DHCP Server Settings,Manage the Modem LAN Settings > Change the DHCP Server Settings,28,30,P2,398c0bb9-3253-4629-a5ed-18f51d9fb36b:fa675707-eec3-5dae-b80f-46a21238adcf,setup_configuration,en,20260831,open,authoring_context_reviewed,Q-012
Q-112,398c0bb9-3253-4629-a5ed-18f51d9fb36b:OUTLINE:38b50e33ee1e7189,398c0bb9-3253-4629-a5ed-18f51d9fb36b:OUTLINE:38b50e33ee1e7189,398c0bb9-3253-4629-a5ed-18f51d9fb36b,netgear-lm1200.pdf,LM1200,Change the DHCP Server Settings,Manage the Modem LAN Settings > Change the DHCP Server Settings,28,30,P2,398c0bb9-3253-4629-a5ed-18f51d9fb36b:fa675707-eec3-5dae-b80f-46a21238adcf,setup_configuration,id,20260831,open,authoring_context_reviewed,Q-012
Q-013,398c0bb9-3253-4629-a5ed-18f51d9fb36b:OUTLINE:88b9a28663a8f104,398c0bb9-3253-4629-a5ed-18f51d9fb36b:OUTLINE:88b9a28663a8f104,398c0bb9-3253-4629-a5ed-18f51d9fb36b,netgear-lm1200.pdf,LM1200,Manually Connect to or Disconnect From the Mobile Broadband Network,Manage the Mobile Broadband Connection > Manually Connect to or Disconnect From the Mobile Broadband Network,36,37,P2,398c0bb9-3253-4629-a5ed-18f51d9fb36b:cf1f57e0-473a-57f3-8d91-a52b0070e80b,setup_configuration,en,20260831,open,authoring_context_reviewed,Q-013
Q-113,398c0bb9-3253-4629-a5ed-18f51d9fb36b:OUTLINE:88b9a28663a8f104,398c0bb9-3253-4629-a5ed-18f51d9fb36b:OUTLINE:88b9a28663a8f104,398c0bb9-3253-4629-a5ed-18f51d9fb36b,netgear-lm1200.pdf,LM1200,Manually Connect to or Disconnect From the Mobile Broadband Network,Manage the Mobile Broadband Connection > Manually Connect to or Disconnect From the Mobile Broadband Network,36,37,P2,398c0bb9-3253-4629-a5ed-18f51d9fb36b:cf1f57e0-473a-57f3-8d91-a52b0070e80b,setup_configuration,id,20260831,open,authoring_context_reviewed,Q-013
Q-014,398c0bb9-3253-4629-a5ed-18f51d9fb36b:OUTLINE:86696f313ad41e44,398c0bb9-3253-4629-a5ed-18f51d9fb36b:OUTLINE:86696f313ad41e44,398c0bb9-3253-4629-a5ed-18f51d9fb36b,netgear-lm1200.pdf,LM1200,Remove a Service or Application for Port Forwarding,Secure Your Network > Manage Port Forwarding for Incoming Traffic > Remove a Service or Application for Port Forwarding,46,47,P3,398c0bb9-3253-4629-a5ed-18f51d9fb36b:72dd6f50-8da8-5970-b90b-3a0719762e64,troubleshooting_diagnostics,en,20260831,open,authoring_context_reviewed,Q-014
Q-114,398c0bb9-3253-4629-a5ed-18f51d9fb36b:OUTLINE:86696f313ad41e44,398c0bb9-3253-4629-a5ed-18f51d9fb36b:OUTLINE:86696f313ad41e44,398c0bb9-3253-4629-a5ed-18f51d9fb36b,netgear-lm1200.pdf,LM1200,Remove a Service or Application for Port Forwarding,Secure Your Network > Manage Port Forwarding for Incoming Traffic > Remove a Service or Application for Port Forwarding,46,47,P3,398c0bb9-3253-4629-a5ed-18f51d9fb36b:72dd6f50-8da8-5970-b90b-3a0719762e64,troubleshooting_diagnostics,id,20260831,open,authoring_context_reviewed,Q-014
Q-015,398c0bb9-3253-4629-a5ed-18f51d9fb36b:OUTLINE:f8bc4360594722fe,398c0bb9-3253-4629-a5ed-18f51d9fb36b:OUTLINE:f8bc4360594722fe,398c0bb9-3253-4629-a5ed-18f51d9fb36b,netgear-lm1200.pdf,LM1200,Disable SIM Card Security,Secure Your Network > Manage SIM Card Security > Disable SIM Card Security,60,61,P3,398c0bb9-3253-4629-a5ed-18f51d9fb36b:eb06abbc-3f74-5ddc-bfd6-17572beb2155,features_security_maintenance_limitations,en,20260831,open,authoring_context_reviewed,Q-015
Q-115,398c0bb9-3253-4629-a5ed-18f51d9fb36b:OUTLINE:f8bc4360594722fe,398c0bb9-3253-4629-a5ed-18f51d9fb36b:OUTLINE:f8bc4360594722fe,398c0bb9-3253-4629-a5ed-18f51d9fb36b,netgear-lm1200.pdf,LM1200,Disable SIM Card Security,Secure Your Network > Manage SIM Card Security > Disable SIM Card Security,60,61,P3,398c0bb9-3253-4629-a5ed-18f51d9fb36b:eb06abbc-3f74-5ddc-bfd6-17572beb2155,features_security_maintenance_limitations,id,20260831,open,authoring_context_reviewed,Q-015
Q-016,398c0bb9-3253-4629-a5ed-18f51d9fb36b:OUTLINE:65329abb6d0ed1e0,398c0bb9-3253-4629-a5ed-18f51d9fb36b:OUTLINE:65329abb6d0ed1e0,398c0bb9-3253-4629-a5ed-18f51d9fb36b,netgear-lm1200.pdf,LM1200,View Monthly Data and Session Data Usage,Manage the Modem and Monitor Usage and the Network > View Monthly Data and Session Data Usage,69,70,P4,398c0bb9-3253-4629-a5ed-18f51d9fb36b:7e1a62c7-f256-5d08-a456-a62949c30491,facts_specifications,en,20260831,open,authoring_context_reviewed,Q-016
Q-116,398c0bb9-3253-4629-a5ed-18f51d9fb36b:OUTLINE:65329abb6d0ed1e0,398c0bb9-3253-4629-a5ed-18f51d9fb36b:OUTLINE:65329abb6d0ed1e0,398c0bb9-3253-4629-a5ed-18f51d9fb36b,netgear-lm1200.pdf,LM1200,View Monthly Data and Session Data Usage,Manage the Modem and Monitor Usage and the Network > View Monthly Data and Session Data Usage,69,70,P4,398c0bb9-3253-4629-a5ed-18f51d9fb36b:7e1a62c7-f256-5d08-a456-a62949c30491,facts_specifications,id,20260831,open,authoring_context_reviewed,Q-016
Q-017,398c0bb9-3253-4629-a5ed-18f51d9fb36b:OUTLINE:623d8b68d20208e6,398c0bb9-3253-4629-a5ed-18f51d9fb36b:OUTLINE:623d8b68d20208e6,398c0bb9-3253-4629-a5ed-18f51d9fb36b,netgear-lm1200.pdf,LM1200,How do I access the modem’s web pages?,Frequently Asked Questions > How do I access the modem’s web pages?,84,84,P4,398c0bb9-3253-4629-a5ed-18f51d9fb36b:43434cb0-0be2-5d97-be19-dfb7256b7c44,facts_specifications,en,20260831,open,authoring_context_reviewed,Q-017
Q-117,398c0bb9-3253-4629-a5ed-18f51d9fb36b:OUTLINE:623d8b68d20208e6,398c0bb9-3253-4629-a5ed-18f51d9fb36b:OUTLINE:623d8b68d20208e6,398c0bb9-3253-4629-a5ed-18f51d9fb36b,netgear-lm1200.pdf,LM1200,How do I access the modem’s web pages?,Frequently Asked Questions > How do I access the modem’s web pages?,84,84,P4,398c0bb9-3253-4629-a5ed-18f51d9fb36b:43434cb0-0be2-5d97-be19-dfb7256b7c44,facts_specifications,id,20260831,open,authoring_context_reviewed,Q-017
Q-018,398c0bb9-3253-4629-a5ed-18f51d9fb36b:OUTLINE:6359ba84b27768d6,398c0bb9-3253-4629-a5ed-18f51d9fb36b:OUTLINE:6359ba84b27768d6,398c0bb9-3253-4629-a5ed-18f51d9fb36b,netgear-lm1200.pdf,LM1200,Quick Tips for Troubleshooting,Alerts and Troubleshooting > Quick Tips for Troubleshooting,91,92,P5,398c0bb9-3253-4629-a5ed-18f51d9fb36b:82ef2627-a58c-55ae-ab74-3f865a33e979,troubleshooting_diagnostics,en,20260831,open,authoring_context_reviewed,Q-018
Q-118,398c0bb9-3253-4629-a5ed-18f51d9fb36b:OUTLINE:6359ba84b27768d6,398c0bb9-3253-4629-a5ed-18f51d9fb36b:OUTLINE:6359ba84b27768d6,398c0bb9-3253-4629-a5ed-18f51d9fb36b,netgear-lm1200.pdf,LM1200,Quick Tips for Troubleshooting,Alerts and Troubleshooting > Quick Tips for Troubleshooting,91,92,P5,398c0bb9-3253-4629-a5ed-18f51d9fb36b:82ef2627-a58c-55ae-ab74-3f865a33e979,troubleshooting_diagnostics,id,20260831,open,authoring_context_reviewed,Q-018
Q-019,398c0bb9-3253-4629-a5ed-18f51d9fb36b:OUTLINE:540f7aed0e05d214,398c0bb9-3253-4629-a5ed-18f51d9fb36b:OUTLINE:540f7aed0e05d214,398c0bb9-3253-4629-a5ed-18f51d9fb36b,netgear-lm1200.pdf,LM1200,Obtain an Internet IP Address From Your Service Provider,Alerts and Troubleshooting > Troubleshoot the Mobile Broadband Internet Connection > Obtain an Internet IP Address From Your Service Provider,95,96,P5,398c0bb9-3253-4629-a5ed-18f51d9fb36b:6f442d4b-b8ba-5fe7-b4e9-9e90463dc194,troubleshooting_diagnostics,en,20260831,open,authoring_context_reviewed,Q-019
Q-119,398c0bb9-3253-4629-a5ed-18f51d9fb36b:OUTLINE:540f7aed0e05d214,398c0bb9-3253-4629-a5ed-18f51d9fb36b:OUTLINE:540f7aed0e05d214,398c0bb9-3253-4629-a5ed-18f51d9fb36b,netgear-lm1200.pdf,LM1200,Obtain an Internet IP Address From Your Service Provider,Alerts and Troubleshooting > Troubleshoot the Mobile Broadband Internet Connection > Obtain an Internet IP Address From Your Service Provider,95,96,P5,398c0bb9-3253-4629-a5ed-18f51d9fb36b:6f442d4b-b8ba-5fe7-b4e9-9e90463dc194,troubleshooting_diagnostics,id,20260831,open,authoring_context_reviewed,Q-019
Q-020,d363d52d-99b4-4258-9e83-eca4fbdf4722:OUTLINE:d0ee27b3b2631033,d363d52d-99b4-4258-9e83-eca4fbdf4722:OUTLINE:d0ee27b3b2631033,d363d52d-99b4-4258-9e83-eca4fbdf4722,netgear-r6350.pdf,R6350,Specify an Internet connection that uses a login and PPPoE service,Specify Your Internet Settings > Manually set up the Internet connection > Specify an Internet connection that uses a login and PPPoE service,27,28,P1,d363d52d-99b4-4258-9e83-eca4fbdf4722:1190a45f-877b-5cd2-a8d9-5ab1c390c374,troubleshooting_diagnostics,en,20260831,open,authoring_context_reviewed,Q-020
Q-120,d363d52d-99b4-4258-9e83-eca4fbdf4722:OUTLINE:d0ee27b3b2631033,d363d52d-99b4-4258-9e83-eca4fbdf4722:OUTLINE:d0ee27b3b2631033,d363d52d-99b4-4258-9e83-eca4fbdf4722,netgear-r6350.pdf,R6350,Specify an Internet connection that uses a login and PPPoE service,Specify Your Internet Settings > Manually set up the Internet connection > Specify an Internet connection that uses a login and PPPoE service,27,28,P1,d363d52d-99b4-4258-9e83-eca4fbdf4722:1190a45f-877b-5cd2-a8d9-5ab1c390c374,troubleshooting_diagnostics,id,20260831,open,authoring_context_reviewed,Q-020
Q-021,d363d52d-99b4-4258-9e83-eca4fbdf4722:OUTLINE:d330686b16c734af,d363d52d-99b4-4258-9e83-eca4fbdf4722:OUTLINE:d330686b16c734af,d363d52d-99b4-4258-9e83-eca4fbdf4722,netgear-r6350.pdf,R6350,Set up an IPv6 6to4 tunnel Internet connection,Specify Your Internet Settings > Specify IPv6 Internet connections > Set up an IPv6 6to4 tunnel Internet connection,34,35,P1,d363d52d-99b4-4258-9e83-eca4fbdf4722:ad49e55f-a53b-5c41-8bf1-a36c022c9b3b,troubleshooting_diagnostics,en,20260831,open,authoring_context_reviewed,Q-021
Q-121,d363d52d-99b4-4258-9e83-eca4fbdf4722:OUTLINE:d330686b16c734af,d363d52d-99b4-4258-9e83-eca4fbdf4722:OUTLINE:d330686b16c734af,d363d52d-99b4-4258-9e83-eca4fbdf4722,netgear-r6350.pdf,R6350,Set up an IPv6 6to4 tunnel Internet connection,Specify Your Internet Settings > Specify IPv6 Internet connections > Set up an IPv6 6to4 tunnel Internet connection,34,35,P1,d363d52d-99b4-4258-9e83-eca4fbdf4722:ad49e55f-a53b-5c41-8bf1-a36c022c9b3b,troubleshooting_diagnostics,id,20260831,open,authoring_context_reviewed,Q-021
Q-022,d363d52d-99b4-4258-9e83-eca4fbdf4722:OUTLINE:fac12b6c6fd62dc2,d363d52d-99b4-4258-9e83-eca4fbdf4722:OUTLINE:fac12b6c6fd62dc2,d363d52d-99b4-4258-9e83-eca4fbdf4722,netgear-r6350.pdf,R6350,Change the MTU size,Specify Your Internet Settings > Manage the MTU size > Change the MTU size,43,43,P2,d363d52d-99b4-4258-9e83-eca4fbdf4722:d4e1d4fc-7655-51fc-8d81-af75a4b11734,troubleshooting_diagnostics,en,20260831,open,authoring_context_reviewed,Q-022
Q-122,d363d52d-99b4-4258-9e83-eca4fbdf4722:OUTLINE:fac12b6c6fd62dc2,d363d52d-99b4-4258-9e83-eca4fbdf4722:OUTLINE:fac12b6c6fd62dc2,d363d52d-99b4-4258-9e83-eca4fbdf4722,netgear-r6350.pdf,R6350,Change the MTU size,Specify Your Internet Settings > Manage the MTU size > Change the MTU size,43,43,P2,d363d52d-99b4-4258-9e83-eca4fbdf4722:d4e1d4fc-7655-51fc-8d81-af75a4b11734,troubleshooting_diagnostics,id,20260831,open,authoring_context_reviewed,Q-022
Q-023,d363d52d-99b4-4258-9e83-eca4fbdf4722:OUTLINE:f870b0410fe0711a,d363d52d-99b4-4258-9e83-eca4fbdf4722:OUTLINE:f870b0410fe0711a,d363d52d-99b4-4258-9e83-eca4fbdf4722,netgear-r6350.pdf,R6350,Remove a QoS Rule,Optimize Performance > Manage Default and Custom QoS Rules > Remove a QoS Rule,49,49,P2,d363d52d-99b4-4258-9e83-eca4fbdf4722:31b5dd16-326a-5e79-817f-c2585e0248a2,troubleshooting_diagnostics,en,20260831,open,authoring_context_reviewed,Q-023
Q-123,d363d52d-99b4-4258-9e83-eca4fbdf4722:OUTLINE:f870b0410fe0711a,d363d52d-99b4-4258-9e83-eca4fbdf4722:OUTLINE:f870b0410fe0711a,d363d52d-99b4-4258-9e83-eca4fbdf4722,netgear-r6350.pdf,R6350,Remove a QoS Rule,Optimize Performance > Manage Default and Custom QoS Rules > Remove a QoS Rule,49,49,P2,d363d52d-99b4-4258-9e83-eca4fbdf4722:31b5dd16-326a-5e79-817f-c2585e0248a2,troubleshooting_diagnostics,id,20260831,open,authoring_context_reviewed,Q-023
Q-024,d363d52d-99b4-4258-9e83-eca4fbdf4722:OUTLINE:8ea5c049a8abf47b,d363d52d-99b4-4258-9e83-eca4fbdf4722:OUTLINE:8ea5c049a8abf47b,d363d52d-99b4-4258-9e83-eca4fbdf4722,netgear-r6350.pdf,R6350,Manage Access to a Storage Device,Share USB Storage Devices Attached to the Router > Manage Access to a Storage Device,97,98,P3,d363d52d-99b4-4258-9e83-eca4fbdf4722:0528f0b9-15e5-5482-9a68-0f02d2d61d68,setup_configuration,en,20260831,open,authoring_context_reviewed,Q-024
Q-124,d363d52d-99b4-4258-9e83-eca4fbdf4722:OUTLINE:8ea5c049a8abf47b,d363d52d-99b4-4258-9e83-eca4fbdf4722:OUTLINE:8ea5c049a8abf47b,d363d52d-99b4-4258-9e83-eca4fbdf4722,netgear-r6350.pdf,R6350,Manage Access to a Storage Device,Share USB Storage Devices Attached to the Router > Manage Access to a Storage Device,97,98,P3,d363d52d-99b4-4258-9e83-eca4fbdf4722:0528f0b9-15e5-5482-9a68-0f02d2d61d68,setup_configuration,id,20260831,open,authoring_context_reviewed,Q-024
Q-025,d363d52d-99b4-4258-9e83-eca4fbdf4722:OUTLINE:902cbde304aea84b,d363d52d-99b4-4258-9e83-eca4fbdf4722:OUTLINE:902cbde304aea84b,d363d52d-99b4-4258-9e83-eca4fbdf4722,netgear-r6350.pdf,R6350,Edit a network folder on a USB storage device,Share USB Storage Devices Attached to the Router > Edit a network folder on a USB storage device,101,102,P3,d363d52d-99b4-4258-9e83-eca4fbdf4722:12d6aaad-d982-5f95-8b7d-63ba7706aba5,setup_configuration,en,20260831,open,authoring_context_reviewed,Q-025
Q-125,d363d52d-99b4-4258-9e83-eca4fbdf4722:OUTLINE:902cbde304aea84b,d363d52d-99b4-4258-9e83-eca4fbdf4722:OUTLINE:902cbde304aea84b,d363d52d-99b4-4258-9e83-eca4fbdf4722,netgear-r6350.pdf,R6350,Edit a network folder on a USB storage device,Share USB Storage Devices Attached to the Router > Edit a network folder on a USB storage device,101,102,P3,d363d52d-99b4-4258-9e83-eca4fbdf4722:12d6aaad-d982-5f95-8b7d-63ba7706aba5,setup_configuration,id,20260831,open,authoring_context_reviewed,Q-025
Q-026,d363d52d-99b4-4258-9e83-eca4fbdf4722:OUTLINE:c27c0cf701a42141,d363d52d-99b4-4258-9e83-eca4fbdf4722:OUTLINE:c27c0cf701a42141,d363d52d-99b4-4258-9e83-eca4fbdf4722,netgear-r6350.pdf,R6350,Manage VPN Pass-Through,Manage the WAN and LAN Network Settings > Manage VPN Pass-Through,119,119,P3,d363d52d-99b4-4258-9e83-eca4fbdf4722:3fbed70d-f242-5a78-90cc-f0f2674fe5f7,facts_specifications,en,20260831,open,authoring_context_reviewed,Q-026
Q-126,d363d52d-99b4-4258-9e83-eca4fbdf4722:OUTLINE:c27c0cf701a42141,d363d52d-99b4-4258-9e83-eca4fbdf4722:OUTLINE:c27c0cf701a42141,d363d52d-99b4-4258-9e83-eca4fbdf4722,netgear-r6350.pdf,R6350,Manage VPN Pass-Through,Manage the WAN and LAN Network Settings > Manage VPN Pass-Through,119,119,P3,d363d52d-99b4-4258-9e83-eca4fbdf4722:3fbed70d-f242-5a78-90cc-f0f2674fe5f7,facts_specifications,id,20260831,open,authoring_context_reviewed,Q-026
Q-027,d363d52d-99b4-4258-9e83-eca4fbdf4722:OUTLINE:5283c300a58533cf,d363d52d-99b4-4258-9e83-eca4fbdf4722:OUTLINE:5283c300a58533cf,d363d52d-99b4-4258-9e83-eca4fbdf4722,netgear-r6350.pdf,R6350,Set Up a Bridge for a Port Group,Manage the WAN and LAN Network Settings > Set Up a Bridge for a Port Group or VLAN Tag Group > Set Up a Bridge for a Port Group,131,131,P4,d363d52d-99b4-4258-9e83-eca4fbdf4722:92de127d-5c3f-5d2a-a801-234fc3e5b014,setup_configuration,en,20260831,open,authoring_context_reviewed,Q-027
Q-127,d363d52d-99b4-4258-9e83-eca4fbdf4722:OUTLINE:5283c300a58533cf,d363d52d-99b4-4258-9e83-eca4fbdf4722:OUTLINE:5283c300a58533cf,d363d52d-99b4-4258-9e83-eca4fbdf4722,netgear-r6350.pdf,R6350,Set Up a Bridge for a Port Group,Manage the WAN and LAN Network Settings > Set Up a Bridge for a Port Group or VLAN Tag Group > Set Up a Bridge for a Port Group,131,131,P4,d363d52d-99b4-4258-9e83-eca4fbdf4722:92de127d-5c3f-5d2a-a801-234fc3e5b014,setup_configuration,id,20260831,open,authoring_context_reviewed,Q-027
Q-028,d363d52d-99b4-4258-9e83-eca4fbdf4722:OUTLINE:759d64cd684a03d3,d363d52d-99b4-4258-9e83-eca4fbdf4722:OUTLINE:759d64cd684a03d3,d363d52d-99b4-4258-9e83-eca4fbdf4722,netgear-r6350.pdf,R6350,Check for new firmware and update the router,Manage Your Router > Update the router firmware > Check for new firmware and update the router,135,136,P4,d363d52d-99b4-4258-9e83-eca4fbdf4722:2a3ade55-f893-5d78-8ead-3ff6b3d197c7,troubleshooting_diagnostics,en,20260831,open,authoring_context_reviewed,Q-028
Q-128,d363d52d-99b4-4258-9e83-eca4fbdf4722:OUTLINE:759d64cd684a03d3,d363d52d-99b4-4258-9e83-eca4fbdf4722:OUTLINE:759d64cd684a03d3,d363d52d-99b4-4258-9e83-eca4fbdf4722,netgear-r6350.pdf,R6350,Check for new firmware and update the router,Manage Your Router > Update the router firmware > Check for new firmware and update the router,135,136,P4,d363d52d-99b4-4258-9e83-eca4fbdf4722:2a3ade55-f893-5d78-8ead-3ff6b3d197c7,troubleshooting_diagnostics,id,20260831,open,authoring_context_reviewed,Q-028
Q-029,d363d52d-99b4-4258-9e83-eca4fbdf4722:OUTLINE:c406dcd0d505ed73,d363d52d-99b4-4258-9e83-eca4fbdf4722:OUTLINE:c406dcd0d505ed73,d363d52d-99b4-4258-9e83-eca4fbdf4722,netgear-r6350.pdf,R6350,Disable or Enable LED Blinking or Turn Off LEDs,Manage Your Router > Disable or Enable LED Blinking or Turn Off LEDs,140,141,P4,d363d52d-99b4-4258-9e83-eca4fbdf4722:5a7fc3bd-5bd0-57b2-944d-5a981598dcf7,features_security_maintenance_limitations,en,20260831,open,authoring_context_reviewed,Q-029
Q-129,d363d52d-99b4-4258-9e83-eca4fbdf4722:OUTLINE:c406dcd0d505ed73,d363d52d-99b4-4258-9e83-eca4fbdf4722:OUTLINE:c406dcd0d505ed73,d363d52d-99b4-4258-9e83-eca4fbdf4722,netgear-r6350.pdf,R6350,Disable or Enable LED Blinking or Turn Off LEDs,Manage Your Router > Disable or Enable LED Blinking or Turn Off LEDs,140,141,P4,d363d52d-99b4-4258-9e83-eca4fbdf4722:5a7fc3bd-5bd0-57b2-944d-5a981598dcf7,features_security_maintenance_limitations,id,20260831,open,authoring_context_reviewed,Q-029
Q-030,d363d52d-99b4-4258-9e83-eca4fbdf4722:OUTLINE:aaa110d73c5ebaf9,d363d52d-99b4-4258-9e83-eca4fbdf4722:OUTLINE:aaa110d73c5ebaf9,d363d52d-99b4-4258-9e83-eca4fbdf4722,netgear-r6350.pdf,R6350,Install OpenVPN Software on an Android Device,Use VPN to Access Your Network > Install OpenVPN software > Install OpenVPN Software on an Android Device,172,172,P5,d363d52d-99b4-4258-9e83-eca4fbdf4722:006d8e6b-77f6-54fa-826b-6d417979808f,setup_configuration,en,20260831,open,authoring_context_reviewed,Q-030
Q-130,d363d52d-99b4-4258-9e83-eca4fbdf4722:OUTLINE:aaa110d73c5ebaf9,d363d52d-99b4-4258-9e83-eca4fbdf4722:OUTLINE:aaa110d73c5ebaf9,d363d52d-99b4-4258-9e83-eca4fbdf4722,netgear-r6350.pdf,R6350,Install OpenVPN Software on an Android Device,Use VPN to Access Your Network > Install OpenVPN software > Install OpenVPN Software on an Android Device,172,172,P5,d363d52d-99b4-4258-9e83-eca4fbdf4722:006d8e6b-77f6-54fa-826b-6d417979808f,setup_configuration,id,20260831,open,authoring_context_reviewed,Q-030
Q-031,d363d52d-99b4-4258-9e83-eca4fbdf4722:OUTLINE:6ca762548278f56e,d363d52d-99b4-4258-9e83-eca4fbdf4722:OUTLINE:6ca762548278f56e,d363d52d-99b4-4258-9e83-eca4fbdf4722,netgear-r6350.pdf,R6350,Troubleshoot Internet browsing,Troubleshooting > Troubleshoot Internet browsing,194,195,P5,d363d52d-99b4-4258-9e83-eca4fbdf4722:818e0932-f3ff-5602-b5b9-5f1d94d353ed,troubleshooting_diagnostics,en,20260831,open,authoring_context_reviewed,Q-031
Q-131,d363d52d-99b4-4258-9e83-eca4fbdf4722:OUTLINE:6ca762548278f56e,d363d52d-99b4-4258-9e83-eca4fbdf4722:OUTLINE:6ca762548278f56e,d363d52d-99b4-4258-9e83-eca4fbdf4722,netgear-r6350.pdf,R6350,Troubleshoot Internet browsing,Troubleshooting > Troubleshoot Internet browsing,194,195,P5,d363d52d-99b4-4258-9e83-eca4fbdf4722:818e0932-f3ff-5602-b5b9-5f1d94d353ed,troubleshooting_diagnostics,id,20260831,open,authoring_context_reviewed,Q-031
Q-032,8a56b2bf-5d68-4806-abb7-de39894bb404:OUTLINE:0cc5c443004437fd,8a56b2bf-5d68-4806-abb7-de39894bb404:OUTLINE:0cc5c443004437fd,8a56b2bf-5d68-4806-abb7-de39894bb404,netgear-r7000.pdf,R7000,Wired Connection,Connect to the Network and Access the Router > Connect to the Network > Wired Connection,19,19,P1,8a56b2bf-5d68-4806-abb7-de39894bb404:cf6a9c70-f40a-521b-8ee5-c0a7ff8c1279,facts_specifications,en,20260831,open,authoring_context_reviewed,Q-032
Q-132,8a56b2bf-5d68-4806-abb7-de39894bb404:OUTLINE:0cc5c443004437fd,8a56b2bf-5d68-4806-abb7-de39894bb404:OUTLINE:0cc5c443004437fd,8a56b2bf-5d68-4806-abb7-de39894bb404,netgear-r7000.pdf,R7000,Wired Connection,Connect to the Network and Access the Router > Connect to the Network > Wired Connection,19,19,P1,8a56b2bf-5d68-4806-abb7-de39894bb404:cf6a9c70-f40a-521b-8ee5-c0a7ff8c1279,facts_specifications,id,20260831,open,authoring_context_reviewed,Q-032
Q-033,8a56b2bf-5d68-4806-abb7-de39894bb404:OUTLINE:615f1a78bd39eb84,8a56b2bf-5d68-4806-abb7-de39894bb404:OUTLINE:615f1a78bd39eb84,8a56b2bf-5d68-4806-abb7-de39894bb404,netgear-r7000.pdf,R7000,Use the Internet Setup Wizard,Specify Your Internet Settings > Use the Internet Setup Wizard,25,25,P1,8a56b2bf-5d68-4806-abb7-de39894bb404:9213a4bb-497e-56d3-be43-8791bb53a54e,setup_configuration,en,20260831,open,authoring_context_reviewed,Q-033
Q-133,8a56b2bf-5d68-4806-abb7-de39894bb404:OUTLINE:615f1a78bd39eb84,8a56b2bf-5d68-4806-abb7-de39894bb404:OUTLINE:615f1a78bd39eb84,8a56b2bf-5d68-4806-abb7-de39894bb404,netgear-r7000.pdf,R7000,Use the Internet Setup Wizard,Specify Your Internet Settings > Use the Internet Setup Wizard,25,25,P1,8a56b2bf-5d68-4806-abb7-de39894bb404:9213a4bb-497e-56d3-be43-8791bb53a54e,setup_configuration,id,20260831,open,authoring_context_reviewed,Q-033
Q-034,8a56b2bf-5d68-4806-abb7-de39894bb404:OUTLINE:f4bd6a547d16c31d,8a56b2bf-5d68-4806-abb7-de39894bb404:OUTLINE:f4bd6a547d16c31d,8a56b2bf-5d68-4806-abb7-de39894bb404,netgear-r7000.pdf,R7000,Add a QoS Rule by LAN pot,Optimize Performance > Optimize Internet Streaming With Dynamic QoS > Enable Advanced QoS and Manually Set Up QoS Rules > Add a QoS Rule by LAN pot,56,57,P2,8a56b2bf-5d68-4806-abb7-de39894bb404:8aecb252-6293-553d-8e28-ef7b756f0c82,setup_configuration,en,20260831,open,authoring_context_reviewed,Q-034
Q-134,8a56b2bf-5d68-4806-abb7-de39894bb404:OUTLINE:f4bd6a547d16c31d,8a56b2bf-5d68-4806-abb7-de39894bb404:OUTLINE:f4bd6a547d16c31d,8a56b2bf-5d68-4806-abb7-de39894bb404,netgear-r7000.pdf,R7000,Add a QoS Rule by LAN pot,Optimize Performance > Optimize Internet Streaming With Dynamic QoS > Enable Advanced QoS and Manually Set Up QoS Rules > Add a QoS Rule by LAN pot,56,57,P2,8a56b2bf-5d68-4806-abb7-de39894bb404:8aecb252-6293-553d-8e28-ef7b756f0c82,setup_configuration,id,20260831,open,authoring_context_reviewed,Q-034
Q-035,8a56b2bf-5d68-4806-abb7-de39894bb404:OUTLINE:08da0d3cf6f7d113,8a56b2bf-5d68-4806-abb7-de39894bb404:OUTLINE:08da0d3cf6f7d113,8a56b2bf-5d68-4806-abb7-de39894bb404,netgear-r7000.pdf,R7000,Improve Network Connections With Universal Plug-N-Play,Optimize Performance > Improve Network Connections With Universal Plug-N-Play,61,62,P2,8a56b2bf-5d68-4806-abb7-de39894bb404:54a5ae0e-dabe-533f-8906-cd65b27661ec,facts_specifications,en,20260831,open,authoring_context_reviewed,Q-035
Q-135,8a56b2bf-5d68-4806-abb7-de39894bb404:OUTLINE:08da0d3cf6f7d113,8a56b2bf-5d68-4806-abb7-de39894bb404:OUTLINE:08da0d3cf6f7d113,8a56b2bf-5d68-4806-abb7-de39894bb404,netgear-r7000.pdf,R7000,Improve Network Connections With Universal Plug-N-Play,Optimize Performance > Improve Network Connections With Universal Plug-N-Play,61,62,P2,8a56b2bf-5d68-4806-abb7-de39894bb404:54a5ae0e-dabe-533f-8906-cd65b27661ec,facts_specifications,id,20260831,open,authoring_context_reviewed,Q-035
Q-036,8a56b2bf-5d68-4806-abb7-de39894bb404:OUTLINE:2b84714e210fd033,8a56b2bf-5d68-4806-abb7-de39894bb404:OUTLINE:2b84714e210fd033,8a56b2bf-5d68-4806-abb7-de39894bb404,netgear-r7000.pdf,R7000,Check the Internet Connection Status,Manage Your Router > Check the Internet Connection Status,101,102,P3,8a56b2bf-5d68-4806-abb7-de39894bb404:537310b8-39d1-57ca-81f0-ddddc2ad9916,facts_specifications,en,20260831,open,authoring_context_reviewed,Q-036
Q-136,8a56b2bf-5d68-4806-abb7-de39894bb404:OUTLINE:2b84714e210fd033,8a56b2bf-5d68-4806-abb7-de39894bb404:OUTLINE:2b84714e210fd033,8a56b2bf-5d68-4806-abb7-de39894bb404,netgear-r7000.pdf,R7000,Check the Internet Connection Status,Manage Your Router > Check the Internet Connection Status,101,102,P3,8a56b2bf-5d68-4806-abb7-de39894bb404:537310b8-39d1-57ca-81f0-ddddc2ad9916,facts_specifications,id,20260831,open,authoring_context_reviewed,Q-036
Q-037,8a56b2bf-5d68-4806-abb7-de39894bb404:OUTLINE:42bc10659811af2c,8a56b2bf-5d68-4806-abb7-de39894bb404:OUTLINE:42bc10659811af2c,8a56b2bf-5d68-4806-abb7-de39894bb404,netgear-r7000.pdf,R7000,Set Up Remote Management,Manage Your Router > Remote Access > Set Up Remote Management,107,108,P3,8a56b2bf-5d68-4806-abb7-de39894bb404:79d677ad-2fef-50d3-92dd-c07a6df0f14e,features_security_maintenance_limitations,en,20260831,open,authoring_context_reviewed,Q-037
Q-137,8a56b2bf-5d68-4806-abb7-de39894bb404:OUTLINE:42bc10659811af2c,8a56b2bf-5d68-4806-abb7-de39894bb404:OUTLINE:42bc10659811af2c,8a56b2bf-5d68-4806-abb7-de39894bb404,netgear-r7000.pdf,R7000,Set Up Remote Management,Manage Your Router > Remote Access > Set Up Remote Management,107,108,P3,8a56b2bf-5d68-4806-abb7-de39894bb404:79d677ad-2fef-50d3-92dd-c07a6df0f14e,features_security_maintenance_limitations,id,20260831,open,authoring_context_reviewed,Q-037
Q-038,8a56b2bf-5d68-4806-abb7-de39894bb404:OUTLINE:f79ea7be006eeae3,8a56b2bf-5d68-4806-abb7-de39894bb404:OUTLINE:f79ea7be006eeae3,8a56b2bf-5d68-4806-abb7-de39894bb404,netgear-r7000.pdf,R7000,Change the NTP Server,Manage Your Router > Change the NTP Server,110,110,P3,8a56b2bf-5d68-4806-abb7-de39894bb404:d4980606-c8d1-5aca-adbe-96e35254c9e1,setup_configuration,en,20260831,open,authoring_context_reviewed,Q-038
Q-138,8a56b2bf-5d68-4806-abb7-de39894bb404:OUTLINE:f79ea7be006eeae3,8a56b2bf-5d68-4806-abb7-de39894bb404:OUTLINE:f79ea7be006eeae3,8a56b2bf-5d68-4806-abb7-de39894bb404,netgear-r7000.pdf,R7000,Change the NTP Server,Manage Your Router > Change the NTP Server,110,110,P3,8a56b2bf-5d68-4806-abb7-de39894bb404:d4980606-c8d1-5aca-adbe-96e35254c9e1,setup_configuration,id,20260831,open,authoring_context_reviewed,Q-038
Q-039,8a56b2bf-5d68-4806-abb7-de39894bb404:OUTLINE:6cca2b13d46fd9ff,8a56b2bf-5d68-4806-abb7-de39894bb404:OUTLINE:6cca2b13d46fd9ff,8a56b2bf-5d68-4806-abb7-de39894bb404,netgear-r7000.pdf,R7000,Access USB Storage Devices Through the Internet,Use Dynamic DNS to Access USB Storage Devices Through the Internet > Access USB Storage Devices Through the Internet,135,135,P4,8a56b2bf-5d68-4806-abb7-de39894bb404:af255485-98d7-59f8-94db-806fd6280e64,features_security_maintenance_limitations,en,20260831,open,authoring_context_reviewed,Q-039
Q-139,8a56b2bf-5d68-4806-abb7-de39894bb404:OUTLINE:6cca2b13d46fd9ff,8a56b2bf-5d68-4806-abb7-de39894bb404:OUTLINE:6cca2b13d46fd9ff,8a56b2bf-5d68-4806-abb7-de39894bb404,netgear-r7000.pdf,R7000,Access USB Storage Devices Through the Internet,Use Dynamic DNS to Access USB Storage Devices Through the Internet > Access USB Storage Devices Through the Internet,135,135,P4,8a56b2bf-5d68-4806-abb7-de39894bb404:af255485-98d7-59f8-94db-806fd6280e64,features_security_maintenance_limitations,id,20260831,open,authoring_context_reviewed,Q-039
Q-040,8a56b2bf-5d68-4806-abb7-de39894bb404:OUTLINE:0fc676a3a4479418,8a56b2bf-5d68-4806-abb7-de39894bb404:OUTLINE:0fc676a3a4479418,8a56b2bf-5d68-4806-abb7-de39894bb404,netgear-r7000.pdf,R7000,Create a ReadyCLOUD Account,Use Dynamic DNS to Access USB Storage Devices Through the Internet > Remotely Access a USB Device Using ReadyCLOUD > Create a ReadyCLOUD Account,135,136,P4,8a56b2bf-5d68-4806-abb7-de39894bb404:89cf7641-ad76-514d-a38e-ff036b200250,setup_configuration,en,20260831,open,authoring_context_reviewed,Q-040
Q-140,8a56b2bf-5d68-4806-abb7-de39894bb404:OUTLINE:0fc676a3a4479418,8a56b2bf-5d68-4806-abb7-de39894bb404:OUTLINE:0fc676a3a4479418,8a56b2bf-5d68-4806-abb7-de39894bb404,netgear-r7000.pdf,R7000,Create a ReadyCLOUD Account,Use Dynamic DNS to Access USB Storage Devices Through the Internet > Remotely Access a USB Device Using ReadyCLOUD > Create a ReadyCLOUD Account,135,136,P4,8a56b2bf-5d68-4806-abb7-de39894bb404:89cf7641-ad76-514d-a38e-ff036b200250,setup_configuration,id,20260831,open,authoring_context_reviewed,Q-040
Q-041,8a56b2bf-5d68-4806-abb7-de39894bb404:OUTLINE:fdf9a6339ff3dcd8,8a56b2bf-5d68-4806-abb7-de39894bb404:OUTLINE:fdf9a6339ff3dcd8,8a56b2bf-5d68-4806-abb7-de39894bb404,netgear-r7000.pdf,R7000,Install OpenVPN Software on an iOS Device,Use VPN to Access Your Network > Install OpenVPN Software > Install OpenVPN Software on an iOS Device,155,155,P5,8a56b2bf-5d68-4806-abb7-de39894bb404:0cff8f5c-96b8-5d33-9c11-37f93f8300fb,setup_configuration,en,20260831,open,authoring_context_reviewed,Q-041
Q-141,8a56b2bf-5d68-4806-abb7-de39894bb404:OUTLINE:fdf9a6339ff3dcd8,8a56b2bf-5d68-4806-abb7-de39894bb404:OUTLINE:fdf9a6339ff3dcd8,8a56b2bf-5d68-4806-abb7-de39894bb404,netgear-r7000.pdf,R7000,Install OpenVPN Software on an iOS Device,Use VPN to Access Your Network > Install OpenVPN Software > Install OpenVPN Software on an iOS Device,155,155,P5,8a56b2bf-5d68-4806-abb7-de39894bb404:0cff8f5c-96b8-5d33-9c11-37f93f8300fb,setup_configuration,id,20260831,open,authoring_context_reviewed,Q-041
Q-042,8a56b2bf-5d68-4806-abb7-de39894bb404:OUTLINE:59222463e26d1879,8a56b2bf-5d68-4806-abb7-de39894bb404:OUTLINE:59222463e26d1879,8a56b2bf-5d68-4806-abb7-de39894bb404,netgear-r7000.pdf,R7000,Sequence to Restart Your Network,Troubleshooting > Quick Tips > Sequence to Restart Your Network,172,172,P5,8a56b2bf-5d68-4806-abb7-de39894bb404:f2289449-f54e-5af6-8243-762118ef305b,troubleshooting_diagnostics,en,20260831,open,authoring_context_reviewed,Q-042
Q-142,8a56b2bf-5d68-4806-abb7-de39894bb404:OUTLINE:59222463e26d1879,8a56b2bf-5d68-4806-abb7-de39894bb404:OUTLINE:59222463e26d1879,8a56b2bf-5d68-4806-abb7-de39894bb404,netgear-r7000.pdf,R7000,Sequence to Restart Your Network,Troubleshooting > Quick Tips > Sequence to Restart Your Network,172,172,P5,8a56b2bf-5d68-4806-abb7-de39894bb404:f2289449-f54e-5af6-8243-762118ef305b,troubleshooting_diagnostics,id,20260831,open,authoring_context_reviewed,Q-042
Q-043,8a56b2bf-5d68-4806-abb7-de39894bb404:OUTLINE:2be192fda8a4722e,8a56b2bf-5d68-4806-abb7-de39894bb404:OUTLINE:2be192fda8a4722e,8a56b2bf-5d68-4806-abb7-de39894bb404,netgear-r7000.pdf,R7000,Troubleshoot WiFi Connectivity,Troubleshooting > Troubleshoot WiFi Connectivity,177,178,P5,8a56b2bf-5d68-4806-abb7-de39894bb404:65aa662f-9473-5c74-b996-74e7f545f09c,troubleshooting_diagnostics,en,20260831,open,authoring_context_reviewed,Q-043
Q-143,8a56b2bf-5d68-4806-abb7-de39894bb404:OUTLINE:2be192fda8a4722e,8a56b2bf-5d68-4806-abb7-de39894bb404:OUTLINE:2be192fda8a4722e,8a56b2bf-5d68-4806-abb7-de39894bb404,netgear-r7000.pdf,R7000,Troubleshoot WiFi Connectivity,Troubleshooting > Troubleshoot WiFi Connectivity,177,178,P5,8a56b2bf-5d68-4806-abb7-de39894bb404:65aa662f-9473-5c74-b996-74e7f545f09c,troubleshooting_diagnostics,id,20260831,open,authoring_context_reviewed,Q-043
Q-044,d69381d0-06ed-49bf-9fe1-6050d9374432:OUTLINE:89ac3ac6d4a7bbea,d69381d0-06ed-49bf-9fe1-6050d9374432:OUTLINE:89ac3ac6d4a7bbea,d69381d0-06ed-49bf-9fe1-6050d9374432,netgear-rax120.pdf,RAX120,Unpack your router,Hardware Setup > Unpack your router,10,10,P1,d69381d0-06ed-49bf-9fe1-6050d9374432:89d399fa-1c1b-5d37-b35a-194ce673ec69,facts_specifications,en,20260831,open,authoring_context_reviewed,Q-044
Q-144,d69381d0-06ed-49bf-9fe1-6050d9374432:OUTLINE:89ac3ac6d4a7bbea,d69381d0-06ed-49bf-9fe1-6050d9374432:OUTLINE:89ac3ac6d4a7bbea,d69381d0-06ed-49bf-9fe1-6050d9374432,netgear-rax120.pdf,RAX120,Unpack your router,Hardware Setup > Unpack your router,10,10,P1,d69381d0-06ed-49bf-9fe1-6050d9374432:89d399fa-1c1b-5d37-b35a-194ce673ec69,facts_specifications,id,20260831,open,authoring_context_reviewed,Q-044
Q-045,d69381d0-06ed-49bf-9fe1-6050d9374432:OUTLINE:4bdaaa28252d41a2,d69381d0-06ed-49bf-9fe1-6050d9374432:OUTLINE:4bdaaa28252d41a2,d69381d0-06ed-49bf-9fe1-6050d9374432,netgear-rax120.pdf,RAX120,Types of logins,Connect to the network and access the router > Types of logins,21,21,P1,d69381d0-06ed-49bf-9fe1-6050d9374432:6af6a140-458c-5188-b116-2f8430c69437,facts_specifications,en,20260831,open,authoring_context_reviewed,Q-045
Q-145,d69381d0-06ed-49bf-9fe1-6050d9374432:OUTLINE:4bdaaa28252d41a2,d69381d0-06ed-49bf-9fe1-6050d9374432:OUTLINE:4bdaaa28252d41a2,d69381d0-06ed-49bf-9fe1-6050d9374432,netgear-rax120.pdf,RAX120,Types of logins,Connect to the network and access the router > Types of logins,21,21,P1,d69381d0-06ed-49bf-9fe1-6050d9374432:6af6a140-458c-5188-b116-2f8430c69437,facts_specifications,id,20260831,open,authoring_context_reviewed,Q-045
Q-046,d69381d0-06ed-49bf-9fe1-6050d9374432:OUTLINE:7dcc6744e0e7954c,d69381d0-06ed-49bf-9fe1-6050d9374432:OUTLINE:7dcc6744e0e7954c,d69381d0-06ed-49bf-9fe1-6050d9374432,netgear-rax120.pdf,RAX120,Set up an IPv6 pass-through Internet connection,Specify Your Internet Settings > Specify IPv6 Internet connections > Set up an IPv6 pass-through Internet connection,36,36,P2,d69381d0-06ed-49bf-9fe1-6050d9374432:f02b327f-e424-5fbd-884a-afa982cfba97,setup_configuration,en,20260831,open,authoring_context_reviewed,Q-046
Q-146,d69381d0-06ed-49bf-9fe1-6050d9374432:OUTLINE:7dcc6744e0e7954c,d69381d0-06ed-49bf-9fe1-6050d9374432:OUTLINE:7dcc6744e0e7954c,d69381d0-06ed-49bf-9fe1-6050d9374432,netgear-rax120.pdf,RAX120,Set up an IPv6 pass-through Internet connection,Specify Your Internet Settings > Specify IPv6 Internet connections > Set up an IPv6 pass-through Internet connection,36,36,P2,d69381d0-06ed-49bf-9fe1-6050d9374432:f02b327f-e424-5fbd-884a-afa982cfba97,setup_configuration,id,20260831,open,authoring_context_reviewed,Q-046
Q-047,d69381d0-06ed-49bf-9fe1-6050d9374432:OUTLINE:b393aec4e5f20ee4,d69381d0-06ed-49bf-9fe1-6050d9374432:OUTLINE:b393aec4e5f20ee4,d69381d0-06ed-49bf-9fe1-6050d9374432,netgear-rax120.pdf,RAX120,View or change the WAN settings,Manage Network Settings > View or change the WAN settings,70,71,P2,d69381d0-06ed-49bf-9fe1-6050d9374432:304579c0-2505-541b-9272-41a33abdc404,facts_specifications,en,20260831,open,authoring_context_reviewed,Q-047
Q-147,d69381d0-06ed-49bf-9fe1-6050d9374432:OUTLINE:b393aec4e5f20ee4,d69381d0-06ed-49bf-9fe1-6050d9374432:OUTLINE:b393aec4e5f20ee4,d69381d0-06ed-49bf-9fe1-6050d9374432,netgear-rax120.pdf,RAX120,View or change the WAN settings,Manage Network Settings > View or change the WAN settings,70,71,P2,d69381d0-06ed-49bf-9fe1-6050d9374432:304579c0-2505-541b-9272-41a33abdc404,facts_specifications,id,20260831,open,authoring_context_reviewed,Q-047
Q-048,d69381d0-06ed-49bf-9fe1-6050d9374432:OUTLINE:43ec202019e41936,d69381d0-06ed-49bf-9fe1-6050d9374432:OUTLINE:43ec202019e41936,d69381d0-06ed-49bf-9fe1-6050d9374432,netgear-rax120.pdf,RAX120,Reserve an IP address,Manage Network Settings > Manage reserved LAN IP addresses > Reserve an IP address,76,77,P3,d69381d0-06ed-49bf-9fe1-6050d9374432:ebd82415-b17d-5082-8472-3811a168faaf,setup_configuration,en,20260831,open,authoring_context_reviewed,Q-048
Q-148,d69381d0-06ed-49bf-9fe1-6050d9374432:OUTLINE:43ec202019e41936,d69381d0-06ed-49bf-9fe1-6050d9374432:OUTLINE:43ec202019e41936,d69381d0-06ed-49bf-9fe1-6050d9374432,netgear-rax120.pdf,RAX120,Reserve an IP address,Manage Network Settings > Manage reserved LAN IP addresses > Reserve an IP address,76,77,P3,d69381d0-06ed-49bf-9fe1-6050d9374432:ebd82415-b17d-5082-8472-3811a168faaf,setup_configuration,id,20260831,open,authoring_context_reviewed,Q-048
Q-049,d69381d0-06ed-49bf-9fe1-6050d9374432:OUTLINE:8d66e90b801f07f3,d69381d0-06ed-49bf-9fe1-6050d9374432:OUTLINE:8d66e90b801f07f3,d69381d0-06ed-49bf-9fe1-6050d9374432,netgear-rax120.pdf,RAX120,Change the WiFi password or the WiFi security,Manage Network Settings > Change the WiFi password or the WiFi security,80,82,P3,d69381d0-06ed-49bf-9fe1-6050d9374432:0f01b620-ac86-5a3e-bacb-6893a15e210e,features_security_maintenance_limitations,en,20260831,open,authoring_context_reviewed,Q-049
Q-149,d69381d0-06ed-49bf-9fe1-6050d9374432:OUTLINE:8d66e90b801f07f3,d69381d0-06ed-49bf-9fe1-6050d9374432:OUTLINE:8d66e90b801f07f3,d69381d0-06ed-49bf-9fe1-6050d9374432,netgear-rax120.pdf,RAX120,Change the WiFi password or the WiFi security,Manage Network Settings > Change the WiFi password or the WiFi security,80,82,P3,d69381d0-06ed-49bf-9fe1-6050d9374432:0f01b620-ac86-5a3e-bacb-6893a15e210e,features_security_maintenance_limitations,id,20260831,open,authoring_context_reviewed,Q-049
Q-050,d69381d0-06ed-49bf-9fe1-6050d9374432:OUTLINE:30e6bc1f5ecbb7b4,d69381d0-06ed-49bf-9fe1-6050d9374432:OUTLINE:30e6bc1f5ecbb7b4,d69381d0-06ed-49bf-9fe1-6050d9374432,netgear-rax120.pdf,RAX120,Connect a USB storage device to the router,Share USB Storage Devices Attached to the Router > Connect a USB storage device to the router,123,123,P4,d69381d0-06ed-49bf-9fe1-6050d9374432:bb9735df-2bc3-50f1-9fb8-2235613d714e,facts_specifications,en,20260831,open,authoring_context_reviewed,Q-050
Q-150,d69381d0-06ed-49bf-9fe1-6050d9374432:OUTLINE:30e6bc1f5ecbb7b4,d69381d0-06ed-49bf-9fe1-6050d9374432:OUTLINE:30e6bc1f5ecbb7b4,d69381d0-06ed-49bf-9fe1-6050d9374432,netgear-rax120.pdf,RAX120,Connect a USB storage device to the router,Share USB Storage Devices Attached to the Router > Connect a USB storage device to the router,123,123,P4,d69381d0-06ed-49bf-9fe1-6050d9374432:bb9735df-2bc3-50f1-9fb8-2235613d714e,facts_specifications,id,20260831,open,authoring_context_reviewed,Q-050
Q-051,d69381d0-06ed-49bf-9fe1-6050d9374432:OUTLINE:7e8558c76cede228,d69381d0-06ed-49bf-9fe1-6050d9374432:OUTLINE:7e8558c76cede228,d69381d0-06ed-49bf-9fe1-6050d9374432,netgear-rax120.pdf,RAX120,Add a network folder on a USB storage device,Share USB Storage Devices Attached to the Router > Add a network folder on a USB storage device,130,131,P4,d69381d0-06ed-49bf-9fe1-6050d9374432:9d1e53fd-0a2d-51bd-bb64-2521b239e8f3,setup_configuration,en,20260831,open,authoring_context_reviewed,Q-051
Q-151,d69381d0-06ed-49bf-9fe1-6050d9374432:OUTLINE:7e8558c76cede228,d69381d0-06ed-49bf-9fe1-6050d9374432:OUTLINE:7e8558c76cede228,d69381d0-06ed-49bf-9fe1-6050d9374432,netgear-rax120.pdf,RAX120,Add a network folder on a USB storage device,Share USB Storage Devices Attached to the Router > Add a network folder on a USB storage device,130,131,P4,d69381d0-06ed-49bf-9fe1-6050d9374432:9d1e53fd-0a2d-51bd-bb64-2521b239e8f3,setup_configuration,id,20260831,open,authoring_context_reviewed,Q-051
Q-052,d69381d0-06ed-49bf-9fe1-6050d9374432:OUTLINE:6bfd2d1ed7baea6f,d69381d0-06ed-49bf-9fe1-6050d9374432:OUTLINE:6bfd2d1ed7baea6f,d69381d0-06ed-49bf-9fe1-6050d9374432,netgear-rax120.pdf,RAX120,Change the Dynamic DNS settings,Use Dynamic DNS to Access USB Storage Devices Through the Internet > Set up and manage Dynamic DNS > Change the Dynamic DNS settings,136,136,P4,d69381d0-06ed-49bf-9fe1-6050d9374432:d7d2bc93-72bb-53d6-945c-0708fde2888b,features_security_maintenance_limitations,en,20260831,open,authoring_context_reviewed,Q-052
Q-152,d69381d0-06ed-49bf-9fe1-6050d9374432:OUTLINE:6bfd2d1ed7baea6f,d69381d0-06ed-49bf-9fe1-6050d9374432:OUTLINE:6bfd2d1ed7baea6f,d69381d0-06ed-49bf-9fe1-6050d9374432,netgear-rax120.pdf,RAX120,Change the Dynamic DNS settings,Use Dynamic DNS to Access USB Storage Devices Through the Internet > Set up and manage Dynamic DNS > Change the Dynamic DNS settings,136,136,P4,d69381d0-06ed-49bf-9fe1-6050d9374432:d7d2bc93-72bb-53d6-945c-0708fde2888b,features_security_maintenance_limitations,id,20260831,open,authoring_context_reviewed,Q-052
Q-053,d69381d0-06ed-49bf-9fe1-6050d9374432:OUTLINE:0d5b6e0a7ba7bfe2,d69381d0-06ed-49bf-9fe1-6050d9374432:OUTLINE:0d5b6e0a7ba7bfe2,d69381d0-06ed-49bf-9fe1-6050d9374432,netgear-rax120.pdf,RAX120,How the router implements the port forwarding rule,Manage port forwarding and port triggering > Manage port forwarding to a local server > How the router implements the port forwarding rule,158,158,P5,d69381d0-06ed-49bf-9fe1-6050d9374432:cf516841-9648-5ad0-aaaa-b65b9c5d85aa,facts_specifications,en,20260831,open,authoring_context_reviewed,Q-053
Q-153,d69381d0-06ed-49bf-9fe1-6050d9374432:OUTLINE:0d5b6e0a7ba7bfe2,d69381d0-06ed-49bf-9fe1-6050d9374432:OUTLINE:0d5b6e0a7ba7bfe2,d69381d0-06ed-49bf-9fe1-6050d9374432,netgear-rax120.pdf,RAX120,How the router implements the port forwarding rule,Manage port forwarding and port triggering > Manage port forwarding to a local server > How the router implements the port forwarding rule,158,158,P5,d69381d0-06ed-49bf-9fe1-6050d9374432:cf516841-9648-5ad0-aaaa-b65b9c5d85aa,facts_specifications,id,20260831,open,authoring_context_reviewed,Q-053
Q-054,d69381d0-06ed-49bf-9fe1-6050d9374432:OUTLINE:392ff4fbd7ee9772,d69381d0-06ed-49bf-9fe1-6050d9374432:OUTLINE:392ff4fbd7ee9772,d69381d0-06ed-49bf-9fe1-6050d9374432,netgear-rax120.pdf,RAX120,Troubleshoot WiFi connectivity,Troubleshooting > Troubleshoot WiFi connectivity,169,169,P5,d69381d0-06ed-49bf-9fe1-6050d9374432:48b55cf6-5b08-527e-bd26-f4183bca41e2,troubleshooting_diagnostics,en,20260831,open,authoring_context_reviewed,Q-054
Q-154,d69381d0-06ed-49bf-9fe1-6050d9374432:OUTLINE:392ff4fbd7ee9772,d69381d0-06ed-49bf-9fe1-6050d9374432:OUTLINE:392ff4fbd7ee9772,d69381d0-06ed-49bf-9fe1-6050d9374432,netgear-rax120.pdf,RAX120,Troubleshoot WiFi connectivity,Troubleshooting > Troubleshoot WiFi connectivity,169,169,P5,d69381d0-06ed-49bf-9fe1-6050d9374432:48b55cf6-5b08-527e-bd26-f4183bca41e2,troubleshooting_diagnostics,id,20260831,open,authoring_context_reviewed,Q-054
Q-055,d69381d0-06ed-49bf-9fe1-6050d9374432:OUTLINE:41c9cb735a542932,d69381d0-06ed-49bf-9fe1-6050d9374432:OUTLINE:41c9cb735a542932,d69381d0-06ed-49bf-9fe1-6050d9374432,netgear-rax120.pdf,RAX120,Factory settings,Supplemental Information > Factory settings,173,174,P5,d69381d0-06ed-49bf-9fe1-6050d9374432:7059c14f-c840-5863-9050-2518f69aa8d5,facts_specifications,en,20260831,open,authoring_context_reviewed,Q-055
Q-155,d69381d0-06ed-49bf-9fe1-6050d9374432:OUTLINE:41c9cb735a542932,d69381d0-06ed-49bf-9fe1-6050d9374432:OUTLINE:41c9cb735a542932,d69381d0-06ed-49bf-9fe1-6050d9374432,netgear-rax120.pdf,RAX120,Factory settings,Supplemental Information > Factory settings,173,174,P5,d69381d0-06ed-49bf-9fe1-6050d9374432:7059c14f-c840-5863-9050-2518f69aa8d5,facts_specifications,id,20260831,open,authoring_context_reviewed,Q-055
Q-056,e65eaa31-8579-448d-a22c-88a8fde64409:OUTLINE:79aeb7edd70d3319,e65eaa31-8579-448d-a22c-88a8fde64409:OUTLINE:79aeb7edd70d3319,e65eaa31-8579-448d-a22c-88a8fde64409,netgear-rax50.pdf,RAX50,Position your router,Hardware Setup > Position your router,14,14,P1,e65eaa31-8579-448d-a22c-88a8fde64409:f42f57b0-65cd-5982-935c-289c54636287,troubleshooting_diagnostics,en,20260831,open,authoring_context_reviewed,Q-056
Q-156,e65eaa31-8579-448d-a22c-88a8fde64409:OUTLINE:79aeb7edd70d3319,e65eaa31-8579-448d-a22c-88a8fde64409:OUTLINE:79aeb7edd70d3319,e65eaa31-8579-448d-a22c-88a8fde64409,netgear-rax50.pdf,RAX50,Position your router,Hardware Setup > Position your router,14,14,P1,e65eaa31-8579-448d-a22c-88a8fde64409:f42f57b0-65cd-5982-935c-289c54636287,troubleshooting_diagnostics,id,20260831,open,authoring_context_reviewed,Q-056
Q-057,e65eaa31-8579-448d-a22c-88a8fde64409:OUTLINE:41ba92c1cd759ea9,e65eaa31-8579-448d-a22c-88a8fde64409:OUTLINE:41ba92c1cd759ea9,e65eaa31-8579-448d-a22c-88a8fde64409,netgear-rax50.pdf,RAX50,Connect to the router WiFi network,Connect to the Network and Access the Router > Connect to the router network > Connect to the router WiFi network,18,18,P1,e65eaa31-8579-448d-a22c-88a8fde64409:e00425b6-15d6-5234-b2e5-d0f194e4e777,setup_configuration,en,20260831,open,authoring_context_reviewed,Q-057
Q-157,e65eaa31-8579-448d-a22c-88a8fde64409:OUTLINE:41ba92c1cd759ea9,e65eaa31-8579-448d-a22c-88a8fde64409:OUTLINE:41ba92c1cd759ea9,e65eaa31-8579-448d-a22c-88a8fde64409,netgear-rax50.pdf,RAX50,Connect to the router WiFi network,Connect to the Network and Access the Router > Connect to the router network > Connect to the router WiFi network,18,18,P1,e65eaa31-8579-448d-a22c-88a8fde64409:e00425b6-15d6-5234-b2e5-d0f194e4e777,setup_configuration,id,20260831,open,authoring_context_reviewed,Q-057
Q-058,e65eaa31-8579-448d-a22c-88a8fde64409:OUTLINE:5c59851a56345ebf,e65eaa31-8579-448d-a22c-88a8fde64409:OUTLINE:5c59851a56345ebf,e65eaa31-8579-448d-a22c-88a8fde64409,netgear-rax50.pdf,RAX50,Use auto config for an IPv6 Internet connection,Specify Your Internet Settings > Specify IPv6 Internet connections > Use auto config for an IPv6 Internet connection,36,38,P2,e65eaa31-8579-448d-a22c-88a8fde64409:e87e22a2-a89c-58a7-9ff2-ff82463e19a7,facts_specifications,en,20260831,open,authoring_context_reviewed,Q-058
Q-158,e65eaa31-8579-448d-a22c-88a8fde64409:OUTLINE:5c59851a56345ebf,e65eaa31-8579-448d-a22c-88a8fde64409:OUTLINE:5c59851a56345ebf,e65eaa31-8579-448d-a22c-88a8fde64409,netgear-rax50.pdf,RAX50,Use auto config for an IPv6 Internet connection,Specify Your Internet Settings > Specify IPv6 Internet connections > Use auto config for an IPv6 Internet connection,36,38,P2,e65eaa31-8579-448d-a22c-88a8fde64409:e87e22a2-a89c-58a7-9ff2-ff82463e19a7,facts_specifications,id,20260831,open,authoring_context_reviewed,Q-058
Q-059,e65eaa31-8579-448d-a22c-88a8fde64409:OUTLINE:121e62ef30e6e2d8,e65eaa31-8579-448d-a22c-88a8fde64409:OUTLINE:121e62ef30e6e2d8,e65eaa31-8579-448d-a22c-88a8fde64409,netgear-rax50.pdf,RAX50,Manage allowed devices currently not on the network,Control Access to the Internet > Network access control list > Manage allowed devices currently not on the network,45,47,P2,e65eaa31-8579-448d-a22c-88a8fde64409:03914fcb-62c9-5345-8ab2-2475379fe1be,troubleshooting_diagnostics,en,20260831,open,authoring_context_reviewed,Q-059
Q-159,e65eaa31-8579-448d-a22c-88a8fde64409:OUTLINE:121e62ef30e6e2d8,e65eaa31-8579-448d-a22c-88a8fde64409:OUTLINE:121e62ef30e6e2d8,e65eaa31-8579-448d-a22c-88a8fde64409,netgear-rax50.pdf,RAX50,Manage allowed devices currently not on the network,Control Access to the Internet > Network access control list > Manage allowed devices currently not on the network,45,47,P2,e65eaa31-8579-448d-a22c-88a8fde64409:03914fcb-62c9-5345-8ab2-2475379fe1be,troubleshooting_diagnostics,id,20260831,open,authoring_context_reviewed,Q-059
Q-060,e65eaa31-8579-448d-a22c-88a8fde64409:OUTLINE:f362300bbbc0324c,e65eaa31-8579-448d-a22c-88a8fde64409:OUTLINE:f362300bbbc0324c,e65eaa31-8579-448d-a22c-88a8fde64409,netgear-rax50.pdf,RAX50,Enable Dynamic QoS,Optimize Performance > Use Dynamic QoS to optimize Internet traffic management > Enable Dynamic QoS,86,87,P3,e65eaa31-8579-448d-a22c-88a8fde64409:d2849132-6a3d-520c-8f2c-bd5e904e522d,features_security_maintenance_limitations,en,20260831,open,authoring_context_reviewed,Q-060
Q-160,e65eaa31-8579-448d-a22c-88a8fde64409:OUTLINE:f362300bbbc0324c,e65eaa31-8579-448d-a22c-88a8fde64409:OUTLINE:f362300bbbc0324c,e65eaa31-8579-448d-a22c-88a8fde64409,netgear-rax50.pdf,RAX50,Enable Dynamic QoS,Optimize Performance > Use Dynamic QoS to optimize Internet traffic management > Enable Dynamic QoS,86,87,P3,e65eaa31-8579-448d-a22c-88a8fde64409:d2849132-6a3d-520c-8f2c-bd5e904e522d,features_security_maintenance_limitations,id,20260831,open,authoring_context_reviewed,Q-060
Q-061,e65eaa31-8579-448d-a22c-88a8fde64409:OUTLINE:41d86e3c0982faa9,e65eaa31-8579-448d-a22c-88a8fde64409:OUTLINE:41d86e3c0982faa9,e65eaa31-8579-448d-a22c-88a8fde64409,netgear-rax50.pdf,RAX50,Manually update the dynamic QoS database,Optimize Performance > Use Dynamic QoS to optimize Internet traffic management > Manually update the dynamic QoS database,87,88,P3,e65eaa31-8579-448d-a22c-88a8fde64409:93ffa849-c75e-5120-be9a-d99bb0eed70b,troubleshooting_diagnostics,en,20260831,open,authoring_context_reviewed,Q-061
Q-161,e65eaa31-8579-448d-a22c-88a8fde64409:OUTLINE:41d86e3c0982faa9,e65eaa31-8579-448d-a22c-88a8fde64409:OUTLINE:41d86e3c0982faa9,e65eaa31-8579-448d-a22c-88a8fde64409,netgear-rax50.pdf,RAX50,Manually update the dynamic QoS database,Optimize Performance > Use Dynamic QoS to optimize Internet traffic management > Manually update the dynamic QoS database,87,88,P3,e65eaa31-8579-448d-a22c-88a8fde64409:93ffa849-c75e-5120-be9a-d99bb0eed70b,troubleshooting_diagnostics,id,20260831,open,authoring_context_reviewed,Q-061
Q-062,e65eaa31-8579-448d-a22c-88a8fde64409:OUTLINE:5ae513b79530a608,e65eaa31-8579-448d-a22c-88a8fde64409:OUTLINE:5ae513b79530a608,e65eaa31-8579-448d-a22c-88a8fde64409,netgear-rax50.pdf,RAX50,Erase the settings,Manage Your Router > Manage the router configuration file > Erase the settings,104,105,P4,e65eaa31-8579-448d-a22c-88a8fde64409:03a4fccb-bb0c-56ec-b67b-eee79c190813,troubleshooting_diagnostics,en,20260831,open,authoring_context_reviewed,Q-062
Q-162,e65eaa31-8579-448d-a22c-88a8fde64409:OUTLINE:5ae513b79530a608,e65eaa31-8579-448d-a22c-88a8fde64409:OUTLINE:5ae513b79530a608,e65eaa31-8579-448d-a22c-88a8fde64409,netgear-rax50.pdf,RAX50,Erase the settings,Manage Your Router > Manage the router configuration file > Erase the settings,104,105,P4,e65eaa31-8579-448d-a22c-88a8fde64409:03a4fccb-bb0c-56ec-b67b-eee79c190813,troubleshooting_diagnostics,id,20260831,open,authoring_context_reviewed,Q-062
Q-063,e65eaa31-8579-448d-a22c-88a8fde64409:OUTLINE:8b9e84b41a8e2327,e65eaa31-8579-448d-a22c-88a8fde64409:OUTLINE:8b9e84b41a8e2327,e65eaa31-8579-448d-a22c-88a8fde64409,netgear-rax50.pdf,RAX50,About VPN connections,Use OpenVPN to Access Your Network > About VPN connections,128,128,P4,e65eaa31-8579-448d-a22c-88a8fde64409:a13c3553-78f9-5ede-9cd9-390daad977b6,facts_specifications,en,20260831,open,authoring_context_reviewed,Q-063
Q-163,e65eaa31-8579-448d-a22c-88a8fde64409:OUTLINE:8b9e84b41a8e2327,e65eaa31-8579-448d-a22c-88a8fde64409:OUTLINE:8b9e84b41a8e2327,e65eaa31-8579-448d-a22c-88a8fde64409,netgear-rax50.pdf,RAX50,About VPN connections,Use OpenVPN to Access Your Network > About VPN connections,128,128,P4,e65eaa31-8579-448d-a22c-88a8fde64409:a13c3553-78f9-5ede-9cd9-390daad977b6,facts_specifications,id,20260831,open,authoring_context_reviewed,Q-063
Q-064,e65eaa31-8579-448d-a22c-88a8fde64409:OUTLINE:4961dff6fcaa17d5,e65eaa31-8579-448d-a22c-88a8fde64409:OUTLINE:4961dff6fcaa17d5,e65eaa31-8579-448d-a22c-88a8fde64409,netgear-rax50.pdf,RAX50,Block VPN client Internet access in the router,Use OpenVPN to Access Your Network > Use VPN to access your Internet service at home > Block VPN client Internet access in the router,136,137,P5,e65eaa31-8579-448d-a22c-88a8fde64409:01143d51-a727-543c-b607-948530c2902c,features_security_maintenance_limitations,en,20260831,open,authoring_context_reviewed,Q-064
Q-164,e65eaa31-8579-448d-a22c-88a8fde64409:OUTLINE:4961dff6fcaa17d5,e65eaa31-8579-448d-a22c-88a8fde64409:OUTLINE:4961dff6fcaa17d5,e65eaa31-8579-448d-a22c-88a8fde64409,netgear-rax50.pdf,RAX50,Block VPN client Internet access in the router,Use OpenVPN to Access Your Network > Use VPN to access your Internet service at home > Block VPN client Internet access in the router,136,137,P5,e65eaa31-8579-448d-a22c-88a8fde64409:01143d51-a727-543c-b607-948530c2902c,features_security_maintenance_limitations,id,20260831,open,authoring_context_reviewed,Q-064
Q-065,e65eaa31-8579-448d-a22c-88a8fde64409:OUTLINE:4c371fdde86b5510,e65eaa31-8579-448d-a22c-88a8fde64409:OUTLINE:4c371fdde86b5510,e65eaa31-8579-448d-a22c-88a8fde64409,netgear-rax50.pdf,RAX50,Delete a port forwarding entry,Manage Port Forwarding and Port Triggering > Manage port forwarding to a local server > Delete a port forwarding entry,142,142,P5,e65eaa31-8579-448d-a22c-88a8fde64409:af31b6ec-73a8-5529-8fa5-da1f467d1bef,troubleshooting_diagnostics,en,20260831,open,authoring_context_reviewed,Q-065
Q-165,e65eaa31-8579-448d-a22c-88a8fde64409:OUTLINE:4c371fdde86b5510,e65eaa31-8579-448d-a22c-88a8fde64409:OUTLINE:4c371fdde86b5510,e65eaa31-8579-448d-a22c-88a8fde64409,netgear-rax50.pdf,RAX50,Delete a port forwarding entry,Manage Port Forwarding and Port Triggering > Manage port forwarding to a local server > Delete a port forwarding entry,142,142,P5,e65eaa31-8579-448d-a22c-88a8fde64409:af31b6ec-73a8-5529-8fa5-da1f467d1bef,troubleshooting_diagnostics,id,20260831,open,authoring_context_reviewed,Q-065
Q-066,e65eaa31-8579-448d-a22c-88a8fde64409:OUTLINE:3d0101989fca1bb6,e65eaa31-8579-448d-a22c-88a8fde64409:OUTLINE:3d0101989fca1bb6,e65eaa31-8579-448d-a22c-88a8fde64409,netgear-rax50.pdf,RAX50,Test the path from a Windows-based computer to a remote device,Troubleshooting > Troubleshoot your network using the ping utility > Test the path from a Windows-based computer to a remote device,156,156,P5,e65eaa31-8579-448d-a22c-88a8fde64409:d6a2438e-ce2e-5744-b23d-64355bb7f3b2,troubleshooting_diagnostics,en,20260831,open,authoring_context_reviewed,Q-066
Q-166,e65eaa31-8579-448d-a22c-88a8fde64409:OUTLINE:3d0101989fca1bb6,e65eaa31-8579-448d-a22c-88a8fde64409:OUTLINE:3d0101989fca1bb6,e65eaa31-8579-448d-a22c-88a8fde64409,netgear-rax50.pdf,RAX50,Test the path from a Windows-based computer to a remote device,Troubleshooting > Troubleshoot your network using the ping utility > Test the path from a Windows-based computer to a remote device,156,156,P5,e65eaa31-8579-448d-a22c-88a8fde64409:d6a2438e-ce2e-5744-b23d-64355bb7f3b2,troubleshooting_diagnostics,id,20260831,open,authoring_context_reviewed,Q-066
Q-067,57d18421-8c71-47bc-992e-0d0dfdcdbbea:OUTLINE:51a6513bbc2a11e3,57d18421-8c71-47bc-992e-0d0dfdcdbbea:OUTLINE:51a6513bbc2a11e3,57d18421-8c71-47bc-992e-0d0dfdcdbbea,netgear-raxe500.pdf,RAXE500,Find and connect to the WiFi network,Connect to the network and access the router > Connect to the network > Find and connect to the WiFi network,20,20,P1,57d18421-8c71-47bc-992e-0d0dfdcdbbea:a3662689-f8b9-5c28-8c0a-b2185487bec9,setup_configuration,en,20260831,open,authoring_context_reviewed,Q-067
Q-167,57d18421-8c71-47bc-992e-0d0dfdcdbbea:OUTLINE:51a6513bbc2a11e3,57d18421-8c71-47bc-992e-0d0dfdcdbbea:OUTLINE:51a6513bbc2a11e3,57d18421-8c71-47bc-992e-0d0dfdcdbbea,netgear-raxe500.pdf,RAXE500,Find and connect to the WiFi network,Connect to the network and access the router > Connect to the network > Find and connect to the WiFi network,20,20,P1,57d18421-8c71-47bc-992e-0d0dfdcdbbea:a3662689-f8b9-5c28-8c0a-b2185487bec9,setup_configuration,id,20260831,open,authoring_context_reviewed,Q-067
Q-068,57d18421-8c71-47bc-992e-0d0dfdcdbbea:OUTLINE:f3161081da6e6415,57d18421-8c71-47bc-992e-0d0dfdcdbbea:OUTLINE:f3161081da6e6415,57d18421-8c71-47bc-992e-0d0dfdcdbbea,netgear-raxe500.pdf,RAXE500,Automatic Internet Setup,Connect to the network and access the router > Use a web browser to access the router > Automatic Internet Setup,22,23,P1,57d18421-8c71-47bc-992e-0d0dfdcdbbea:feb09c00-0fd2-5b2c-ae97-969bd349df0e,troubleshooting_diagnostics,en,20260831,open,authoring_context_reviewed,Q-068
Q-168,57d18421-8c71-47bc-992e-0d0dfdcdbbea:OUTLINE:f3161081da6e6415,57d18421-8c71-47bc-992e-0d0dfdcdbbea:OUTLINE:f3161081da6e6415,57d18421-8c71-47bc-992e-0d0dfdcdbbea,netgear-raxe500.pdf,RAXE500,Automatic Internet Setup,Connect to the network and access the router > Use a web browser to access the router > Automatic Internet Setup,22,23,P1,57d18421-8c71-47bc-992e-0d0dfdcdbbea:feb09c00-0fd2-5b2c-ae97-969bd349df0e,troubleshooting_diagnostics,id,20260831,open,authoring_context_reviewed,Q-068
Q-069,57d18421-8c71-47bc-992e-0d0dfdcdbbea:OUTLINE:88cdae4e848e09b9,57d18421-8c71-47bc-992e-0d0dfdcdbbea:OUTLINE:88cdae4e848e09b9,57d18421-8c71-47bc-992e-0d0dfdcdbbea,netgear-raxe500.pdf,RAXE500,MTU concepts,Specify Your Internet Settings > Manage the MTU size > MTU concepts,44,46,P2,57d18421-8c71-47bc-992e-0d0dfdcdbbea:eae4f314-abe4-5229-ac3e-d9cc4c571b27,facts_specifications,en,20260831,open,authoring_context_reviewed,Q-069
Q-169,57d18421-8c71-47bc-992e-0d0dfdcdbbea:OUTLINE:88cdae4e848e09b9,57d18421-8c71-47bc-992e-0d0dfdcdbbea:OUTLINE:88cdae4e848e09b9,57d18421-8c71-47bc-992e-0d0dfdcdbbea,netgear-raxe500.pdf,RAXE500,MTU concepts,Specify Your Internet Settings > Manage the MTU size > MTU concepts,44,46,P2,57d18421-8c71-47bc-992e-0d0dfdcdbbea:eae4f314-abe4-5229-ac3e-d9cc4c571b27,facts_specifications,id,20260831,open,authoring_context_reviewed,Q-069
Q-070,57d18421-8c71-47bc-992e-0d0dfdcdbbea:OUTLINE:bbfec0ebd44bf9d9,57d18421-8c71-47bc-992e-0d0dfdcdbbea:OUTLINE:bbfec0ebd44bf9d9,57d18421-8c71-47bc-992e-0d0dfdcdbbea,netgear-raxe500.pdf,RAXE500,Disable the DHCP server feature in the router,Manage Network Settings > Disable the DHCP server feature in the router,64,65,P2,57d18421-8c71-47bc-992e-0d0dfdcdbbea:8dba79ed-9bf8-5cb2-833b-a493317e765e,setup_configuration,en,20260831,open,authoring_context_reviewed,Q-070
Q-170,57d18421-8c71-47bc-992e-0d0dfdcdbbea:OUTLINE:bbfec0ebd44bf9d9,57d18421-8c71-47bc-992e-0d0dfdcdbbea:OUTLINE:bbfec0ebd44bf9d9,57d18421-8c71-47bc-992e-0d0dfdcdbbea,netgear-raxe500.pdf,RAXE500,Disable the DHCP server feature in the router,Manage Network Settings > Disable the DHCP server feature in the router,64,65,P2,57d18421-8c71-47bc-992e-0d0dfdcdbbea:8dba79ed-9bf8-5cb2-833b-a493317e765e,setup_configuration,id,20260831,open,authoring_context_reviewed,Q-070
Q-071,57d18421-8c71-47bc-992e-0d0dfdcdbbea:OUTLINE:9738f3c7fd6b99bc,57d18421-8c71-47bc-992e-0d0dfdcdbbea:OUTLINE:9738f3c7fd6b99bc,57d18421-8c71-47bc-992e-0d0dfdcdbbea,netgear-raxe500.pdf,RAXE500,Enable or disable 20/40 MHz coexistence for the 2.4 GHz radio,Manage Network Settings > Enable or disable 20/40 MHz coexistence for the 2.4 GHz radio,79,80,P3,57d18421-8c71-47bc-992e-0d0dfdcdbbea:33088b55-3bd9-50bd-8652-c3cd7fd2d88f,features_security_maintenance_limitations,en,20260831,open,authoring_context_reviewed,Q-071
Q-171,57d18421-8c71-47bc-992e-0d0dfdcdbbea:OUTLINE:9738f3c7fd6b99bc,57d18421-8c71-47bc-992e-0d0dfdcdbbea:OUTLINE:9738f3c7fd6b99bc,57d18421-8c71-47bc-992e-0d0dfdcdbbea,netgear-raxe500.pdf,RAXE500,Enable or disable 20/40 MHz coexistence for the 2.4 GHz radio,Manage Network Settings > Enable or disable 20/40 MHz coexistence for the 2.4 GHz radio,79,80,P3,57d18421-8c71-47bc-992e-0d0dfdcdbbea:33088b55-3bd9-50bd-8652-c3cd7fd2d88f,features_security_maintenance_limitations,id,20260831,open,authoring_context_reviewed,Q-071
Q-072,57d18421-8c71-47bc-992e-0d0dfdcdbbea:OUTLINE:fbc9501ac3f3021b,57d18421-8c71-47bc-992e-0d0dfdcdbbea:OUTLINE:fbc9501ac3f3021b,57d18421-8c71-47bc-992e-0d0dfdcdbbea,netgear-raxe500.pdf,RAXE500,View or Change the Router Ethernet Port Aggregation Mode,Manage Network Settings > Manage Ethernet Port Aggregation to a LAN Device > View or Change the Router Ethernet Port Aggregation Mode,98,99,P3,57d18421-8c71-47bc-992e-0d0dfdcdbbea:09ef238c-cabe-5ea4-9616-24e57ee8f002,facts_specifications,en,20260831,open,authoring_context_reviewed,Q-072
Q-172,57d18421-8c71-47bc-992e-0d0dfdcdbbea:OUTLINE:fbc9501ac3f3021b,57d18421-8c71-47bc-992e-0d0dfdcdbbea:OUTLINE:fbc9501ac3f3021b,57d18421-8c71-47bc-992e-0d0dfdcdbbea,netgear-raxe500.pdf,RAXE500,View or Change the Router Ethernet Port Aggregation Mode,Manage Network Settings > Manage Ethernet Port Aggregation to a LAN Device > View or Change the Router Ethernet Port Aggregation Mode,98,99,P3,57d18421-8c71-47bc-992e-0d0dfdcdbbea:09ef238c-cabe-5ea4-9616-24e57ee8f002,facts_specifications,id,20260831,open,authoring_context_reviewed,Q-072
Q-073,57d18421-8c71-47bc-992e-0d0dfdcdbbea:OUTLINE:b501c092002a51d8,57d18421-8c71-47bc-992e-0d0dfdcdbbea:OUTLINE:b501c092002a51d8,57d18421-8c71-47bc-992e-0d0dfdcdbbea,netgear-raxe500.pdf,RAXE500,Monitor Internet traffic,Manage Your Router > Monitor Internet traffic,109,111,P4,57d18421-8c71-47bc-992e-0d0dfdcdbbea:04f1b52b-9f18-591e-ac0a-b16ee4a34dad,facts_specifications,en,20260831,open,authoring_context_reviewed,Q-073
Q-173,57d18421-8c71-47bc-992e-0d0dfdcdbbea:OUTLINE:b501c092002a51d8,57d18421-8c71-47bc-992e-0d0dfdcdbbea:OUTLINE:b501c092002a51d8,57d18421-8c71-47bc-992e-0d0dfdcdbbea,netgear-raxe500.pdf,RAXE500,Monitor Internet traffic,Manage Your Router > Monitor Internet traffic,109,111,P4,57d18421-8c71-47bc-992e-0d0dfdcdbbea:04f1b52b-9f18-591e-ac0a-b16ee4a34dad,facts_specifications,id,20260831,open,authoring_context_reviewed,Q-073
Q-074,57d18421-8c71-47bc-992e-0d0dfdcdbbea:OUTLINE:536e38dc6e76c4f9,57d18421-8c71-47bc-992e-0d0dfdcdbbea:OUTLINE:536e38dc6e76c4f9,57d18421-8c71-47bc-992e-0d0dfdcdbbea,netgear-raxe500.pdf,RAXE500,Set your time zone,Manage Your Router > Set your time zone,114,114,P4,57d18421-8c71-47bc-992e-0d0dfdcdbbea:8533530e-9001-5a31-a453-6077909ff031,setup_configuration,en,20260831,open,authoring_context_reviewed,Q-074
Q-174,57d18421-8c71-47bc-992e-0d0dfdcdbbea:OUTLINE:536e38dc6e76c4f9,57d18421-8c71-47bc-992e-0d0dfdcdbbea:OUTLINE:536e38dc6e76c4f9,57d18421-8c71-47bc-992e-0d0dfdcdbbea,netgear-raxe500.pdf,RAXE500,Set your time zone,Manage Your Router > Set your time zone,114,114,P4,57d18421-8c71-47bc-992e-0d0dfdcdbbea:8533530e-9001-5a31-a453-6077909ff031,setup_configuration,id,20260831,open,authoring_context_reviewed,Q-074
Q-075,57d18421-8c71-47bc-992e-0d0dfdcdbbea:OUTLINE:7e8558c76cede228,57d18421-8c71-47bc-992e-0d0dfdcdbbea:OUTLINE:7e8558c76cede228,57d18421-8c71-47bc-992e-0d0dfdcdbbea,netgear-raxe500.pdf,RAXE500,Add a network folder on a USB storage device,Share USB Storage Devices Attached to the Router > Add a network folder on a USB storage device,124,125,P4,57d18421-8c71-47bc-992e-0d0dfdcdbbea:b2cee766-ed4f-59bb-8d66-703a2aecba75,features_security_maintenance_limitations,en,20260831,open,authoring_context_reviewed,Q-075
Q-175,57d18421-8c71-47bc-992e-0d0dfdcdbbea:OUTLINE:7e8558c76cede228,57d18421-8c71-47bc-992e-0d0dfdcdbbea:OUTLINE:7e8558c76cede228,57d18421-8c71-47bc-992e-0d0dfdcdbbea,netgear-raxe500.pdf,RAXE500,Add a network folder on a USB storage device,Share USB Storage Devices Attached to the Router > Add a network folder on a USB storage device,124,125,P4,57d18421-8c71-47bc-992e-0d0dfdcdbbea:b2cee766-ed4f-59bb-8d66-703a2aecba75,features_security_maintenance_limitations,id,20260831,open,authoring_context_reviewed,Q-075
Q-076,57d18421-8c71-47bc-992e-0d0dfdcdbbea:OUTLINE:7bbe03a0d66739df,57d18421-8c71-47bc-992e-0d0dfdcdbbea:OUTLINE:7bbe03a0d66739df,57d18421-8c71-47bc-992e-0d0dfdcdbbea,netgear-raxe500.pdf,RAXE500,Set up VPN client Internet access in the router,Use VPN to Access Your Network > Use VPN to access your Internet service at home > Set up VPN client Internet access in the router,144,144,P5,57d18421-8c71-47bc-992e-0d0dfdcdbbea:0fc19ad4-a3f3-5128-a97a-000311ce8919,features_security_maintenance_limitations,en,20260831,open,authoring_context_reviewed,Q-076
Q-176,57d18421-8c71-47bc-992e-0d0dfdcdbbea:OUTLINE:7bbe03a0d66739df,57d18421-8c71-47bc-992e-0d0dfdcdbbea:OUTLINE:7bbe03a0d66739df,57d18421-8c71-47bc-992e-0d0dfdcdbbea,netgear-raxe500.pdf,RAXE500,Set up VPN client Internet access in the router,Use VPN to Access Your Network > Use VPN to access your Internet service at home > Set up VPN client Internet access in the router,144,144,P5,57d18421-8c71-47bc-992e-0d0dfdcdbbea:0fc19ad4-a3f3-5128-a97a-000311ce8919,features_security_maintenance_limitations,id,20260831,open,authoring_context_reviewed,Q-076
Q-077,57d18421-8c71-47bc-992e-0d0dfdcdbbea:OUTLINE:f67dde43cca3ccc5,57d18421-8c71-47bc-992e-0d0dfdcdbbea:OUTLINE:f67dde43cca3ccc5,57d18421-8c71-47bc-992e-0d0dfdcdbbea,netgear-raxe500.pdf,RAXE500,Sequence to restart your network,Troubleshooting > Quick tips > Sequence to restart your network,157,157,P5,57d18421-8c71-47bc-992e-0d0dfdcdbbea:494eba00-b9d1-5fec-898e-b212c6f28baf,troubleshooting_diagnostics,en,20260831,open,authoring_context_reviewed,Q-077
Q-177,57d18421-8c71-47bc-992e-0d0dfdcdbbea:OUTLINE:f67dde43cca3ccc5,57d18421-8c71-47bc-992e-0d0dfdcdbbea:OUTLINE:f67dde43cca3ccc5,57d18421-8c71-47bc-992e-0d0dfdcdbbea,netgear-raxe500.pdf,RAXE500,Sequence to restart your network,Troubleshooting > Quick tips > Sequence to restart your network,157,157,P5,57d18421-8c71-47bc-992e-0d0dfdcdbbea:494eba00-b9d1-5fec-898e-b212c6f28baf,troubleshooting_diagnostics,id,20260831,open,authoring_context_reviewed,Q-077
Q-078,4431ab7b-17f3-4bc6-8ee4-691efbcdfdeb:OUTLINE:0dde3e7827c5a595,4431ab7b-17f3-4bc6-8ee4-691efbcdfdeb:OUTLINE:0dde3e7827c5a595,4431ab7b-17f3-4bc6-8ee4-691efbcdfdeb,netgear-rbk852.pdf,RBK852,Sync your Orbi satellite with your Orbi router,Overview > Sync your Orbi satellite with your Orbi router,14,14,P1,4431ab7b-17f3-4bc6-8ee4-691efbcdfdeb:fd0ce992-9b7f-58e2-9140-f25a95a0b95b,facts_specifications,en,20260831,open,authoring_context_reviewed,Q-078
Q-178,4431ab7b-17f3-4bc6-8ee4-691efbcdfdeb:OUTLINE:0dde3e7827c5a595,4431ab7b-17f3-4bc6-8ee4-691efbcdfdeb:OUTLINE:0dde3e7827c5a595,4431ab7b-17f3-4bc6-8ee4-691efbcdfdeb,netgear-rbk852.pdf,RBK852,Sync your Orbi satellite with your Orbi router,Overview > Sync your Orbi satellite with your Orbi router,14,14,P1,4431ab7b-17f3-4bc6-8ee4-691efbcdfdeb:fd0ce992-9b7f-58e2-9140-f25a95a0b95b,facts_specifications,id,20260831,open,authoring_context_reviewed,Q-078
Q-079,4431ab7b-17f3-4bc6-8ee4-691efbcdfdeb:OUTLINE:e0e51a7e3dee3e59,4431ab7b-17f3-4bc6-8ee4-691efbcdfdeb:OUTLINE:e0e51a7e3dee3e59,4431ab7b-17f3-4bc6-8ee4-691efbcdfdeb,netgear-rbk852.pdf,RBK852,Specify IPv6 Internet connections,Specify Your Internet Settings > Manage an IPv6 Internet connection > Specify IPv6 Internet connections,27,28,P1,4431ab7b-17f3-4bc6-8ee4-691efbcdfdeb:bafbe93c-5d33-537b-82ee-2c89ca1550eb,facts_specifications,en,20260831,open,authoring_context_reviewed,Q-079
Q-179,4431ab7b-17f3-4bc6-8ee4-691efbcdfdeb:OUTLINE:e0e51a7e3dee3e59,4431ab7b-17f3-4bc6-8ee4-691efbcdfdeb:OUTLINE:e0e51a7e3dee3e59,4431ab7b-17f3-4bc6-8ee4-691efbcdfdeb,netgear-rbk852.pdf,RBK852,Specify IPv6 Internet connections,Specify Your Internet Settings > Manage an IPv6 Internet connection > Specify IPv6 Internet connections,27,28,P1,4431ab7b-17f3-4bc6-8ee4-691efbcdfdeb:bafbe93c-5d33-537b-82ee-2c89ca1550eb,facts_specifications,id,20260831,open,authoring_context_reviewed,Q-079
Q-080,4431ab7b-17f3-4bc6-8ee4-691efbcdfdeb:OUTLINE:1903b33777805e3f,4431ab7b-17f3-4bc6-8ee4-691efbcdfdeb:OUTLINE:1903b33777805e3f,4431ab7b-17f3-4bc6-8ee4-691efbcdfdeb,netgear-rbk852.pdf,RBK852,Set up an IPv6 PPPoE Internet connection,Specify Your Internet Settings > Manage an IPv6 Internet connection > Set up an IPv6 PPPoE Internet connection,38,40,P2,4431ab7b-17f3-4bc6-8ee4-691efbcdfdeb:acfcfc10-9010-5a5e-9f6c-e4bbbf310479,setup_configuration,en,20260831,open,authoring_context_reviewed,Q-080
Q-180,4431ab7b-17f3-4bc6-8ee4-691efbcdfdeb:OUTLINE:1903b33777805e3f,4431ab7b-17f3-4bc6-8ee4-691efbcdfdeb:OUTLINE:1903b33777805e3f,4431ab7b-17f3-4bc6-8ee4-691efbcdfdeb,netgear-rbk852.pdf,RBK852,Set up an IPv6 PPPoE Internet connection,Specify Your Internet Settings > Manage an IPv6 Internet connection > Set up an IPv6 PPPoE Internet connection,38,40,P2,4431ab7b-17f3-4bc6-8ee4-691efbcdfdeb:acfcfc10-9010-5a5e-9f6c-e4bbbf310479,setup_configuration,id,20260831,open,authoring_context_reviewed,Q-080
Q-081,4431ab7b-17f3-4bc6-8ee4-691efbcdfdeb:OUTLINE:2c0ec2920cd14051,4431ab7b-17f3-4bc6-8ee4-691efbcdfdeb:OUTLINE:2c0ec2920cd14051,4431ab7b-17f3-4bc6-8ee4-691efbcdfdeb,netgear-rbk852.pdf,RBK852,Set up security event email notifications,Control Access to the Internet > Set up security event email notifications,49,51,P2,4431ab7b-17f3-4bc6-8ee4-691efbcdfdeb:aee81160-3f45-597d-97ea-c7a1ad45d30a,features_security_maintenance_limitations,en,20260831,open,authoring_context_reviewed,Q-081
Q-181,4431ab7b-17f3-4bc6-8ee4-691efbcdfdeb:OUTLINE:2c0ec2920cd14051,4431ab7b-17f3-4bc6-8ee4-691efbcdfdeb:OUTLINE:2c0ec2920cd14051,4431ab7b-17f3-4bc6-8ee4-691efbcdfdeb,netgear-rbk852.pdf,RBK852,Set up security event email notifications,Control Access to the Internet > Set up security event email notifications,49,51,P2,4431ab7b-17f3-4bc6-8ee4-691efbcdfdeb:aee81160-3f45-597d-97ea-c7a1ad45d30a,features_security_maintenance_limitations,id,20260831,open,authoring_context_reviewed,Q-081
Q-082,4431ab7b-17f3-4bc6-8ee4-691efbcdfdeb:OUTLINE:55fef29c1f4c52fd,4431ab7b-17f3-4bc6-8ee4-691efbcdfdeb:OUTLINE:55fef29c1f4c52fd,4431ab7b-17f3-4bc6-8ee4-691efbcdfdeb,netgear-rbk852.pdf,RBK852,Set up Internet port aggregation for Orbi router model RBR860,Specify Network Settings > Manage the WAN preference for Orbi router model RBR860 > Set up Internet port aggregation for Orbi router model RBR860,68,69,P3,4431ab7b-17f3-4bc6-8ee4-691efbcdfdeb:a6546993-1d1a-5eb2-b616-d7c4995490a6,setup_configuration,en,20260831,open,authoring_context_reviewed,Q-082
Q-182,4431ab7b-17f3-4bc6-8ee4-691efbcdfdeb:OUTLINE:55fef29c1f4c52fd,4431ab7b-17f3-4bc6-8ee4-691efbcdfdeb:OUTLINE:55fef29c1f4c52fd,4431ab7b-17f3-4bc6-8ee4-691efbcdfdeb,netgear-rbk852.pdf,RBK852,Set up Internet port aggregation for Orbi router model RBR860,Specify Network Settings > Manage the WAN preference for Orbi router model RBR860 > Set up Internet port aggregation for Orbi router model RBR860,68,69,P3,4431ab7b-17f3-4bc6-8ee4-691efbcdfdeb:a6546993-1d1a-5eb2-b616-d7c4995490a6,setup_configuration,id,20260831,open,authoring_context_reviewed,Q-082
Q-083,4431ab7b-17f3-4bc6-8ee4-691efbcdfdeb:OUTLINE:2a664108b43fe7f3,4431ab7b-17f3-4bc6-8ee4-691efbcdfdeb:OUTLINE:2a664108b43fe7f3,4431ab7b-17f3-4bc6-8ee4-691efbcdfdeb,netgear-rbk852.pdf,RBK852,Set up a static route,Specify Network Settings > Manage custom static routes > Set up a static route,82,83,P3,4431ab7b-17f3-4bc6-8ee4-691efbcdfdeb:83b0f8da-6afa-5070-9d44-c12b3b247e8b,features_security_maintenance_limitations,en,20260831,open,authoring_context_reviewed,Q-083
Q-183,4431ab7b-17f3-4bc6-8ee4-691efbcdfdeb:OUTLINE:2a664108b43fe7f3,4431ab7b-17f3-4bc6-8ee4-691efbcdfdeb:OUTLINE:2a664108b43fe7f3,4431ab7b-17f3-4bc6-8ee4-691efbcdfdeb,netgear-rbk852.pdf,RBK852,Set up a static route,Specify Network Settings > Manage custom static routes > Set up a static route,82,83,P3,4431ab7b-17f3-4bc6-8ee4-691efbcdfdeb:83b0f8da-6afa-5070-9d44-c12b3b247e8b,features_security_maintenance_limitations,id,20260831,open,authoring_context_reviewed,Q-083
Q-084,4431ab7b-17f3-4bc6-8ee4-691efbcdfdeb:OUTLINE:3ca2cd659c51d159,4431ab7b-17f3-4bc6-8ee4-691efbcdfdeb:OUTLINE:3ca2cd659c51d159,4431ab7b-17f3-4bc6-8ee4-691efbcdfdeb,netgear-rbk852.pdf,RBK852,Check your Internet bandwidth,Mantain and Monitor Your Network > Check your Internet bandwidth,106,107,P4,4431ab7b-17f3-4bc6-8ee4-691efbcdfdeb:0121bbc3-46f8-588c-b9d6-e7e69974a9fe,facts_specifications,en,20260831,open,authoring_context_reviewed,Q-084
Q-184,4431ab7b-17f3-4bc6-8ee4-691efbcdfdeb:OUTLINE:3ca2cd659c51d159,4431ab7b-17f3-4bc6-8ee4-691efbcdfdeb:OUTLINE:3ca2cd659c51d159,4431ab7b-17f3-4bc6-8ee4-691efbcdfdeb,netgear-rbk852.pdf,RBK852,Check your Internet bandwidth,Mantain and Monitor Your Network > Check your Internet bandwidth,106,107,P4,4431ab7b-17f3-4bc6-8ee4-691efbcdfdeb:0121bbc3-46f8-588c-b9d6-e7e69974a9fe,facts_specifications,id,20260831,open,authoring_context_reviewed,Q-084
Q-085,4431ab7b-17f3-4bc6-8ee4-691efbcdfdeb:OUTLINE:4961dff6fcaa17d5,4431ab7b-17f3-4bc6-8ee4-691efbcdfdeb:OUTLINE:4961dff6fcaa17d5,4431ab7b-17f3-4bc6-8ee4-691efbcdfdeb,netgear-rbk852.pdf,RBK852,Block VPN client Internet access in the router,Use OpenVPN to Access Your Network > Use VPN to access your Internet service at home > Block VPN client Internet access in the router,121,122,P4,4431ab7b-17f3-4bc6-8ee4-691efbcdfdeb:e8fbf22f-7fac-51cc-8b76-ef68177b1407,features_security_maintenance_limitations,en,20260831,open,authoring_context_reviewed,Q-085
Q-185,4431ab7b-17f3-4bc6-8ee4-691efbcdfdeb:OUTLINE:4961dff6fcaa17d5,4431ab7b-17f3-4bc6-8ee4-691efbcdfdeb:OUTLINE:4961dff6fcaa17d5,4431ab7b-17f3-4bc6-8ee4-691efbcdfdeb,netgear-rbk852.pdf,RBK852,Block VPN client Internet access in the router,Use OpenVPN to Access Your Network > Use VPN to access your Internet service at home > Block VPN client Internet access in the router,121,122,P4,4431ab7b-17f3-4bc6-8ee4-691efbcdfdeb:e8fbf22f-7fac-51cc-8b76-ef68177b1407,features_security_maintenance_limitations,id,20260831,open,authoring_context_reviewed,Q-085
Q-086,4431ab7b-17f3-4bc6-8ee4-691efbcdfdeb:OUTLINE:11e5a031343559ac,4431ab7b-17f3-4bc6-8ee4-691efbcdfdeb:OUTLINE:11e5a031343559ac,4431ab7b-17f3-4bc6-8ee4-691efbcdfdeb,netgear-rbk852.pdf,RBK852,Set up port forwarding to a local server,Customize Internet Traffic Rules for Ports > Manage port forwarding to a local server > Set up port forwarding to a local server,124,125,P4,4431ab7b-17f3-4bc6-8ee4-691efbcdfdeb:64c7ce15-7a5a-580d-adbe-160bed89ad0b,features_security_maintenance_limitations,en,20260831,open,authoring_context_reviewed,Q-086
Q-186,4431ab7b-17f3-4bc6-8ee4-691efbcdfdeb:OUTLINE:11e5a031343559ac,4431ab7b-17f3-4bc6-8ee4-691efbcdfdeb:OUTLINE:11e5a031343559ac,4431ab7b-17f3-4bc6-8ee4-691efbcdfdeb,netgear-rbk852.pdf,RBK852,Set up port forwarding to a local server,Customize Internet Traffic Rules for Ports > Manage port forwarding to a local server > Set up port forwarding to a local server,124,125,P4,4431ab7b-17f3-4bc6-8ee4-691efbcdfdeb:64c7ce15-7a5a-580d-adbe-160bed89ad0b,features_security_maintenance_limitations,id,20260831,open,authoring_context_reviewed,Q-086
Q-087,4431ab7b-17f3-4bc6-8ee4-691efbcdfdeb:OUTLINE:f67dde43cca3ccc5,4431ab7b-17f3-4bc6-8ee4-691efbcdfdeb:OUTLINE:f67dde43cca3ccc5,4431ab7b-17f3-4bc6-8ee4-691efbcdfdeb,netgear-rbk852.pdf,RBK852,Sequence to restart your network,Troubleshooting > Quick tips > Sequence to restart your network,133,133,P5,4431ab7b-17f3-4bc6-8ee4-691efbcdfdeb:594cc248-162e-5180-b1f6-243ea1c30a9e,troubleshooting_diagnostics,en,20260831,open,authoring_context_reviewed,Q-087
Q-187,4431ab7b-17f3-4bc6-8ee4-691efbcdfdeb:OUTLINE:f67dde43cca3ccc5,4431ab7b-17f3-4bc6-8ee4-691efbcdfdeb:OUTLINE:f67dde43cca3ccc5,4431ab7b-17f3-4bc6-8ee4-691efbcdfdeb,netgear-rbk852.pdf,RBK852,Sequence to restart your network,Troubleshooting > Quick tips > Sequence to restart your network,133,133,P5,4431ab7b-17f3-4bc6-8ee4-691efbcdfdeb:594cc248-162e-5180-b1f6-243ea1c30a9e,troubleshooting_diagnostics,id,20260831,open,authoring_context_reviewed,Q-087
Q-088,4431ab7b-17f3-4bc6-8ee4-691efbcdfdeb:OUTLINE:3d986da173d7e0d6,4431ab7b-17f3-4bc6-8ee4-691efbcdfdeb:OUTLINE:3d986da173d7e0d6,4431ab7b-17f3-4bc6-8ee4-691efbcdfdeb,netgear-rbk852.pdf,RBK852,Test the path from your computer to a remote device,Troubleshooting > Troubleshoot your network using the ping utility > Test the path from your computer to a remote device,139,140,P5,4431ab7b-17f3-4bc6-8ee4-691efbcdfdeb:8989f72f-c45f-5a19-b2ce-b190765e7b28,troubleshooting_diagnostics,en,20260831,open,authoring_context_reviewed,Q-088
Q-188,4431ab7b-17f3-4bc6-8ee4-691efbcdfdeb:OUTLINE:3d986da173d7e0d6,4431ab7b-17f3-4bc6-8ee4-691efbcdfdeb:OUTLINE:3d986da173d7e0d6,4431ab7b-17f3-4bc6-8ee4-691efbcdfdeb,netgear-rbk852.pdf,RBK852,Test the path from your computer to a remote device,Troubleshooting > Troubleshoot your network using the ping utility > Test the path from your computer to a remote device,139,140,P5,4431ab7b-17f3-4bc6-8ee4-691efbcdfdeb:8989f72f-c45f-5a19-b2ce-b190765e7b28,troubleshooting_diagnostics,id,20260831,open,authoring_context_reviewed,Q-088
Q-089,404fe683-4727-4c53-9c1d-9adf98a793c4:OUTLINE:89ac3ac6d4a7bbea,404fe683-4727-4c53-9c1d-9adf98a793c4:OUTLINE:89ac3ac6d4a7bbea,404fe683-4727-4c53-9c1d-9adf98a793c4,netgear-xr500.pdf,XR500,Unpack your router,Hardware Setup > Unpack your router,11,11,P1,404fe683-4727-4c53-9c1d-9adf98a793c4:3252b308-2ca3-5fec-b98f-6d89b53b5bb2,facts_specifications,en,20260831,open,authoring_context_reviewed,Q-089
Q-189,404fe683-4727-4c53-9c1d-9adf98a793c4:OUTLINE:89ac3ac6d4a7bbea,404fe683-4727-4c53-9c1d-9adf98a793c4:OUTLINE:89ac3ac6d4a7bbea,404fe683-4727-4c53-9c1d-9adf98a793c4,netgear-xr500.pdf,XR500,Unpack your router,Hardware Setup > Unpack your router,11,11,P1,404fe683-4727-4c53-9c1d-9adf98a793c4:3252b308-2ca3-5fec-b98f-6d89b53b5bb2,facts_specifications,id,20260831,open,authoring_context_reviewed,Q-089
Q-090,404fe683-4727-4c53-9c1d-9adf98a793c4:OUTLINE:8c80cd632556e4e9,404fe683-4727-4c53-9c1d-9adf98a793c4:OUTLINE:8c80cd632556e4e9,404fe683-4727-4c53-9c1d-9adf98a793c4,netgear-xr500.pdf,XR500,Specify an Internet connection without a login,Specify Your Internet Settings > Manually set up the Internet connection > Specify an Internet connection without a login,28,30,P1,404fe683-4727-4c53-9c1d-9adf98a793c4:cb248990-463a-5428-8ee2-082f71f0484e,setup_configuration,en,20260831,open,authoring_context_reviewed,Q-090
Q-190,404fe683-4727-4c53-9c1d-9adf98a793c4:OUTLINE:8c80cd632556e4e9,404fe683-4727-4c53-9c1d-9adf98a793c4:OUTLINE:8c80cd632556e4e9,404fe683-4727-4c53-9c1d-9adf98a793c4,netgear-xr500.pdf,XR500,Specify an Internet connection without a login,Specify Your Internet Settings > Manually set up the Internet connection > Specify an Internet connection without a login,28,30,P1,404fe683-4727-4c53-9c1d-9adf98a793c4:cb248990-463a-5428-8ee2-082f71f0484e,setup_configuration,id,20260831,open,authoring_context_reviewed,Q-090
Q-091,404fe683-4727-4c53-9c1d-9adf98a793c4:OUTLINE:404443cd868cae72,404fe683-4727-4c53-9c1d-9adf98a793c4:OUTLINE:404443cd868cae72,404fe683-4727-4c53-9c1d-9adf98a793c4,netgear-xr500.pdf,XR500,Prevent network congestion with Anti-Bufferbloat,Customize Quality of Service Settings and Optimize Gaming > Manage bandwidth allocation > Prevent network congestion with Anti-Bufferbloat,54,55,P2,404fe683-4727-4c53-9c1d-9adf98a793c4:44b909e7-8fcd-5a49-bae0-e2be984df636,features_security_maintenance_limitations,en,20260831,open,authoring_context_reviewed,Q-091
Q-191,404fe683-4727-4c53-9c1d-9adf98a793c4:OUTLINE:404443cd868cae72,404fe683-4727-4c53-9c1d-9adf98a793c4:OUTLINE:404443cd868cae72,404fe683-4727-4c53-9c1d-9adf98a793c4,netgear-xr500.pdf,XR500,Prevent network congestion with Anti-Bufferbloat,Customize Quality of Service Settings and Optimize Gaming > Manage bandwidth allocation > Prevent network congestion with Anti-Bufferbloat,54,55,P2,404fe683-4727-4c53-9c1d-9adf98a793c4:44b909e7-8fcd-5a49-bae0-e2be984df636,features_security_maintenance_limitations,id,20260831,open,authoring_context_reviewed,Q-091
Q-092,404fe683-4727-4c53-9c1d-9adf98a793c4:OUTLINE:74afed194cd3e540,404fe683-4727-4c53-9c1d-9adf98a793c4:OUTLINE:74afed194cd3e540,404fe683-4727-4c53-9c1d-9adf98a793c4,netgear-xr500.pdf,XR500,Prioritize traffic for a device and view prioritization information,Customize Quality of Service Settings and Optimize Gaming > Manage traffic prioritization > Prioritize traffic for a device and view prioritization information,59,61,P2,404fe683-4727-4c53-9c1d-9adf98a793c4:d9934c94-0789-5258-8d3c-3482e84637b0,features_security_maintenance_limitations,en,20260831,open,authoring_context_reviewed,Q-092
Q-192,404fe683-4727-4c53-9c1d-9adf98a793c4:OUTLINE:74afed194cd3e540,404fe683-4727-4c53-9c1d-9adf98a793c4:OUTLINE:74afed194cd3e540,404fe683-4727-4c53-9c1d-9adf98a793c4,netgear-xr500.pdf,XR500,Prioritize traffic for a device and view prioritization information,Customize Quality of Service Settings and Optimize Gaming > Manage traffic prioritization > Prioritize traffic for a device and view prioritization information,59,61,P2,404fe683-4727-4c53-9c1d-9adf98a793c4:d9934c94-0789-5258-8d3c-3482e84637b0,features_security_maintenance_limitations,id,20260831,open,authoring_context_reviewed,Q-092
Q-093,404fe683-4727-4c53-9c1d-9adf98a793c4:OUTLINE:fb4e7790552c591a,404fe683-4727-4c53-9c1d-9adf98a793c4:OUTLINE:fb4e7790552c591a,404fe683-4727-4c53-9c1d-9adf98a793c4,netgear-xr500.pdf,XR500,Change a reserved IP address,Manage the Router’s Network Settings > Manage reserved LAN IP addresses > Change a reserved IP address,89,90,P3,404fe683-4727-4c53-9c1d-9adf98a793c4:e3bace6b-5d07-5dcc-8041-f1933c6cd04f,features_security_maintenance_limitations,en,20260831,open,authoring_context_reviewed,Q-093
Q-193,404fe683-4727-4c53-9c1d-9adf98a793c4:OUTLINE:fb4e7790552c591a,404fe683-4727-4c53-9c1d-9adf98a793c4:OUTLINE:fb4e7790552c591a,404fe683-4727-4c53-9c1d-9adf98a793c4,netgear-xr500.pdf,XR500,Change a reserved IP address,Manage the Router’s Network Settings > Manage reserved LAN IP addresses > Change a reserved IP address,89,90,P3,404fe683-4727-4c53-9c1d-9adf98a793c4:e3bace6b-5d07-5dcc-8041-f1933c6cd04f,features_security_maintenance_limitations,id,20260831,open,authoring_context_reviewed,Q-093
Q-094,404fe683-4727-4c53-9c1d-9adf98a793c4:OUTLINE:2a1f86ae07dbb7ba,404fe683-4727-4c53-9c1d-9adf98a793c4:OUTLINE:2a1f86ae07dbb7ba,404fe683-4727-4c53-9c1d-9adf98a793c4,netgear-xr500.pdf,XR500,Configure WPA/WPA2 enterprise WiFi security,Manage the Router’s WiFi Settings > Configure WPA/WPA2 enterprise WiFi security,106,108,P3,404fe683-4727-4c53-9c1d-9adf98a793c4:e8550a88-ca9e-5dc2-8bb3-4dd7ff222c8d,features_security_maintenance_limitations,en,20260831,open,authoring_context_reviewed,Q-094
Q-194,404fe683-4727-4c53-9c1d-9adf98a793c4:OUTLINE:2a1f86ae07dbb7ba,404fe683-4727-4c53-9c1d-9adf98a793c4:OUTLINE:2a1f86ae07dbb7ba,404fe683-4727-4c53-9c1d-9adf98a793c4,netgear-xr500.pdf,XR500,Configure WPA/WPA2 enterprise WiFi security,Manage the Router’s WiFi Settings > Configure WPA/WPA2 enterprise WiFi security,106,108,P3,404fe683-4727-4c53-9c1d-9adf98a793c4:e8550a88-ca9e-5dc2-8bb3-4dd7ff222c8d,features_security_maintenance_limitations,id,20260831,open,authoring_context_reviewed,Q-094
Q-095,404fe683-4727-4c53-9c1d-9adf98a793c4:OUTLINE:9605907c7bf37548,404fe683-4727-4c53-9c1d-9adf98a793c4:OUTLINE:9605907c7bf37548,404fe683-4727-4c53-9c1d-9adf98a793c4,netgear-xr500.pdf,XR500,Approve USB devices,Share USB Storage Devices Attached to the Router > Approve USB devices,152,153,P4,404fe683-4727-4c53-9c1d-9adf98a793c4:dee55ef8-729a-51e5-9b1c-29cce4910ea6,features_security_maintenance_limitations,en,20260831,open,authoring_context_reviewed,Q-095
Q-195,404fe683-4727-4c53-9c1d-9adf98a793c4:OUTLINE:9605907c7bf37548,404fe683-4727-4c53-9c1d-9adf98a793c4:OUTLINE:9605907c7bf37548,404fe683-4727-4c53-9c1d-9adf98a793c4,netgear-xr500.pdf,XR500,Approve USB devices,Share USB Storage Devices Attached to the Router > Approve USB devices,152,153,P4,404fe683-4727-4c53-9c1d-9adf98a793c4:dee55ef8-729a-51e5-9b1c-29cce4910ea6,features_security_maintenance_limitations,id,20260831,open,authoring_context_reviewed,Q-095
Q-096,404fe683-4727-4c53-9c1d-9adf98a793c4:OUTLINE:6096909eb580ff0a,404fe683-4727-4c53-9c1d-9adf98a793c4:OUTLINE:6096909eb580ff0a,404fe683-4727-4c53-9c1d-9adf98a793c4,netgear-xr500.pdf,XR500,Set up FTP access through the Internet,Use Dynamic DNS to Access USB Storage Devices Through the Internet > Access USB storage devices through the Internet > Set up FTP access through the Internet,161,161,P4,404fe683-4727-4c53-9c1d-9adf98a793c4:1d4788df-374d-52e0-a31b-c406a91abfcc,features_security_maintenance_limitations,en,20260831,open,authoring_context_reviewed,Q-096
Q-196,404fe683-4727-4c53-9c1d-9adf98a793c4:OUTLINE:6096909eb580ff0a,404fe683-4727-4c53-9c1d-9adf98a793c4:OUTLINE:6096909eb580ff0a,404fe683-4727-4c53-9c1d-9adf98a793c4,netgear-xr500.pdf,XR500,Set up FTP access through the Internet,Use Dynamic DNS to Access USB Storage Devices Through the Internet > Access USB storage devices through the Internet > Set up FTP access through the Internet,161,161,P4,404fe683-4727-4c53-9c1d-9adf98a793c4:1d4788df-374d-52e0-a31b-c406a91abfcc,features_security_maintenance_limitations,id,20260831,open,authoring_context_reviewed,Q-096
Q-097,404fe683-4727-4c53-9c1d-9adf98a793c4:OUTLINE:3dba8dc2dd4b2305,404fe683-4727-4c53-9c1d-9adf98a793c4:OUTLINE:3dba8dc2dd4b2305,404fe683-4727-4c53-9c1d-9adf98a793c4,netgear-xr500.pdf,XR500,Use FTP to access storage devices through the Internet,Use Dynamic DNS to Access USB Storage Devices Through the Internet > Access USB storage devices through the Internet > Use FTP to access storage devices through the Internet,162,162,P4,404fe683-4727-4c53-9c1d-9adf98a793c4:9c7f8f5e-dadb-5ed0-b8be-baa2f11349a8,features_security_maintenance_limitations,en,20260831,open,authoring_context_reviewed,Q-097
Q-197,404fe683-4727-4c53-9c1d-9adf98a793c4:OUTLINE:3dba8dc2dd4b2305,404fe683-4727-4c53-9c1d-9adf98a793c4:OUTLINE:3dba8dc2dd4b2305,404fe683-4727-4c53-9c1d-9adf98a793c4,netgear-xr500.pdf,XR500,Use FTP to access storage devices through the Internet,Use Dynamic DNS to Access USB Storage Devices Through the Internet > Access USB storage devices through the Internet > Use FTP to access storage devices through the Internet,162,162,P4,404fe683-4727-4c53-9c1d-9adf98a793c4:9c7f8f5e-dadb-5ed0-b8be-baa2f11349a8,features_security_maintenance_limitations,id,20260831,open,authoring_context_reviewed,Q-097
Q-098,404fe683-4727-4c53-9c1d-9adf98a793c4:OUTLINE:65bda46f8a067355,404fe683-4727-4c53-9c1d-9adf98a793c4:OUTLINE:65bda46f8a067355,404fe683-4727-4c53-9c1d-9adf98a793c4,netgear-xr500.pdf,XR500,Install OpenVPN software on an Android device,Use OpenVPN to Access Your Network > Install OpenVPN software on a VPN client > Install OpenVPN software on an Android device,180,180,P5,404fe683-4727-4c53-9c1d-9adf98a793c4:65a39d84-6b18-50df-b32a-a7d46fbe2cfc,features_security_maintenance_limitations,en,20260831,open,authoring_context_reviewed,Q-098
Q-198,404fe683-4727-4c53-9c1d-9adf98a793c4:OUTLINE:65bda46f8a067355,404fe683-4727-4c53-9c1d-9adf98a793c4:OUTLINE:65bda46f8a067355,404fe683-4727-4c53-9c1d-9adf98a793c4,netgear-xr500.pdf,XR500,Install OpenVPN software on an Android device,Use OpenVPN to Access Your Network > Install OpenVPN software on a VPN client > Install OpenVPN software on an Android device,180,180,P5,404fe683-4727-4c53-9c1d-9adf98a793c4:65a39d84-6b18-50df-b32a-a7d46fbe2cfc,features_security_maintenance_limitations,id,20260831,open,authoring_context_reviewed,Q-098
Q-099,404fe683-4727-4c53-9c1d-9adf98a793c4:OUTLINE:f34b65066a692479,404fe683-4727-4c53-9c1d-9adf98a793c4:OUTLINE:f34b65066a692479,404fe683-4727-4c53-9c1d-9adf98a793c4,netgear-xr500.pdf,XR500,Enable the VPN client in the router and connect to a VPN server,Use VPN to Access An External Network > Enable the VPN client in the router and connect to a VPN server,185,187,P5,404fe683-4727-4c53-9c1d-9adf98a793c4:36995834-66ad-5975-9724-aa9f228f5502,features_security_maintenance_limitations,en,20260831,open,authoring_context_reviewed,Q-099
Q-199,404fe683-4727-4c53-9c1d-9adf98a793c4:OUTLINE:f34b65066a692479,404fe683-4727-4c53-9c1d-9adf98a793c4:OUTLINE:f34b65066a692479,404fe683-4727-4c53-9c1d-9adf98a793c4,netgear-xr500.pdf,XR500,Enable the VPN client in the router and connect to a VPN server,Use VPN to Access An External Network > Enable the VPN client in the router and connect to a VPN server,185,187,P5,404fe683-4727-4c53-9c1d-9adf98a793c4:36995834-66ad-5975-9724-aa9f228f5502,features_security_maintenance_limitations,id,20260831,open,authoring_context_reviewed,Q-099
Q-100,404fe683-4727-4c53-9c1d-9adf98a793c4:OUTLINE:dd5db5544af2935a,404fe683-4727-4c53-9c1d-9adf98a793c4:OUTLINE:dd5db5544af2935a,404fe683-4727-4c53-9c1d-9adf98a793c4,netgear-xr500.pdf,XR500,Add a port triggering service or application,Manage and Customize Internet Traffic Rules for Ports > Manage port triggering for services and applications > Add a port triggering service or application,194,195,P5,404fe683-4727-4c53-9c1d-9adf98a793c4:75118c37-2376-50c5-b907-2ae6d10da16e,features_security_maintenance_limitations,en,20260831,open,authoring_context_reviewed,Q-100
Q-200,404fe683-4727-4c53-9c1d-9adf98a793c4:OUTLINE:dd5db5544af2935a,404fe683-4727-4c53-9c1d-9adf98a793c4:OUTLINE:dd5db5544af2935a,404fe683-4727-4c53-9c1d-9adf98a793c4,netgear-xr500.pdf,XR500,Add a port triggering service or application,Manage and Customize Internet Traffic Rules for Ports > Manage port triggering for services and applications > Add a port triggering service or application,194,195,P5,404fe683-4727-4c53-9c1d-9adf98a793c4:75118c37-2376-50c5-b907-2ae6d10da16e,features_security_maintenance_limitations,id,20260831,open,authoring_context_reviewed,Q-100
