condition_id,condition_label,scope,from_k,to_k,question_count,delta_recall,recall_ci95_low,recall_ci95_high,recall_significant,delta_precision,precision_ci95_low,precision_ci95_high,precision_significant,delta_ndcg,ndcg_ci95_low,ndcg_ci95_high,ndcg_significant,recall_practical_small,recall_local_plateau,ndcg_practical_small
baseline-generic-hybrid,Hybrid baseline,combined,5,10,200,0.2,0.145,0.255,1,-0.017000000000000005,-0.029500000000000002,-0.005,1,0.06776580865816514,0.05228971829297488,0.08386621687982546,1,0,0,0
baseline-generic-hybrid,Hybrid baseline,combined,10,15,200,0.08,0.045,0.12,1,-0.013666666666666669,-0.019500000000000003,-0.007666666666666668,1,0.03553364568244463,0.025070658119858143,0.04662447826967306,1,0,0,0
baseline-generic-hybrid,Hybrid baseline,combined,15,20,200,0.05,0.02,0.085,1,-0.007583333333333331,-0.011416666666666665,-0.003666666666666665,1,0.026628363059860202,0.018250645152302902,0.035879464276477445,1,0,0,0
baseline-generic-hybrid,Hybrid baseline,combined,20,25,200,0.035,0.01,0.06,1,-0.006950000000000001,-0.009650000000000002,-0.004100000000000001,1,0.01723576145806294,0.010733219923404497,0.024658030906629363,1,0,0,0
baseline-generic-hybrid,Hybrid baseline,combined,25,30,200,0.0,0.0,0.0,0,-0.0071333333333333335,-0.008566666666666667,-0.005699166666666678,1,0.005798393813059465,0.002705996314285162,0.009204693923444278,1,1,1,1
baseline-generic-hybrid,Hybrid baseline,combined,30,35,200,0.0,0.0,0.0,0,-0.006095238095238095,-0.007142857142857143,-0.004976190476190476,1,0.0019427060630298975,0.0002974001215745914,0.0044065187080148185,1,1,1,1
baseline-generic-hybrid,Hybrid baseline,combined,35,40,200,0.0,0.0,0.0,0,-0.004696428571428569,-0.005482142857142856,-0.003856696428571433,1,0.0013311836662833925,0.0,0.0030612785271450344,0,1,1,1
baseline-generic-hybrid,Hybrid baseline,combined,40,45,200,0.005,0.0,0.015,0,-0.0036527777777777782,-0.004305555555555556,-0.002972222222222223,1,0.002094190941629367,0.0003070122214359347,0.004636225585384222,1,1,1,1
baseline-generic-hybrid,Hybrid baseline,combined,45,50,200,0.0,0.0,0.0,0,-0.0033222222222222225,-0.0037444444444444448,-0.002911111111111111,1,0.0,0.0,0.0,0,1,1,1
baseline-generic-hybrid,Hybrid baseline,combined,50,55,200,0.0,0.0,0.0,0,-0.0027181818181818197,-0.003072727272727274,-0.002372727272727274,1,0.0,0.0,0.0,0,1,1,1
baseline-generic-hybrid,Hybrid baseline,combined,55,60,200,0.0,0.0,0.0,0,-0.0022651515151515143,-0.0025606060606060592,-0.0019772727272727264,1,0.0,0.0,0.0,0,1,1,1
baseline-generic-hybrid,Hybrid baseline,en,5,10,100,0.2,0.12,0.28,1,-0.027000000000000007,-0.04699999999999999,-0.008,1,0.05835609528815144,0.03892880924065647,0.07939449761579698,1,0,0,0
baseline-generic-hybrid,Hybrid baseline,en,10,15,100,0.1,0.05,0.16,1,-0.011666666666666669,-0.02033333333333333,-0.0030000000000000027,1,0.042561912006823126,0.02675751346818313,0.05969887376498235,1,0,0,0
baseline-generic-hybrid,Hybrid baseline,en,15,20,100,0.05,0.01,0.1,1,-0.007833333333333333,-0.013166666666666665,-0.002166666666666665,1,0.026791749775761275,0.015177104502020618,0.039442560893570226,1,0,0,0
baseline-generic-hybrid,Hybrid baseline,en,20,25,100,0.05,0.01,0.1,1,-0.007500000000000002,-0.011300000000000001,-0.003600000000000002,1,0.021288761017314074,0.011146581442294613,0.03297831942532632,1,0,0,0
baseline-generic-hybrid,Hybrid baseline,en,25,30,100,0.0,0.0,0.0,0,-0.006333333333333335,-0.008600000000000002,-0.004,1,0.01009354843566888,0.004477389468855315,0.01636484419630477,1,1,1,0
baseline-generic-hybrid,Hybrid baseline,en,30,35,100,0.0,0.0,0.0,0,-0.0065238095238095255,-0.008142857142857143,-0.004714285714285715,1,0.0025355137917715863,0.0,0.006939882539944748,0,1,1,1
baseline-generic-hybrid,Hybrid baseline,en,35,40,100,0.0,0.0,0.0,0,-0.005392857142857139,-0.006357142857142855,-0.004428571428571427,1,0.0006330507011061543,0.0,0.0018991521033184628,0,1,1,1
baseline-generic-hybrid,Hybrid baseline,en,40,45,100,0.01,0.0,0.03,0,-0.003750000000000001,-0.004694444444444445,-0.0027222222222222227,1,0.003318109068753447,0.0,0.008112253877644733,0,1,1,1
baseline-generic-hybrid,Hybrid baseline,en,45,50,100,0.0,0.0,0.0,0,-0.0036000000000000003,-0.004177777777777778,-0.003044444444444445,1,0.0,0.0,0.0,0,1,1,1
baseline-generic-hybrid,Hybrid baseline,en,50,55,100,0.0,0.0,0.0,0,-0.0029454545454545467,-0.00341818181818182,-0.0024909090909090922,1,0.0,0.0,0.0,0,1,1,1
baseline-generic-hybrid,Hybrid baseline,en,55,60,100,0.0,0.0,0.0,0,-0.0024545454545454536,-0.0028484848484848476,-0.0020757575757575746,1,0.0,0.0,0.0,0,1,1,1
baseline-generic-hybrid,Hybrid baseline,id,5,10,100,0.2,0.12,0.28,1,-0.007000000000000002,-0.022000000000000006,0.008,0,0.07717552202817884,0.05401213711307981,0.10147667023244633,1,0,0,0
baseline-generic-hybrid,Hybrid baseline,id,10,15,100,0.06,0.02,0.11,1,-0.01566666666666667,-0.024000000000000004,-0.007666666666666668,1,0.02850537935806614,0.015552911504372297,0.04337199356197369,1,0,0,0
baseline-generic-hybrid,Hybrid baseline,id,15,20,100,0.05,0.01,0.1,1,-0.007333333333333331,-0.012666666666666665,-0.001999999999999998,1,0.026464976343959126,0.014456849555724505,0.0398247863233583,1,0,0,0
baseline-generic-hybrid,Hybrid baseline,id,20,25,100,0.02,0.0,0.05,0,-0.006400000000000001,-0.0104,-0.002200000000000002,1,0.013182761898811814,0.005132216824576674,0.02287740270152493,1,1,1,0
baseline-generic-hybrid,Hybrid baseline,id,25,30,100,0.0,0.0,0.0,0,-0.007933333333333332,-0.009666666666666669,-0.006333333333333333,1,0.0015032391904500502,0.0,0.0038185258713005275,0,1,1,1
baseline-generic-hybrid,Hybrid baseline,id,30,35,100,0.0,0.0,0.0,0,-0.005666666666666668,-0.007000000000000001,-0.004285714285714288,1,0.0013498983342882086,0.0,0.0034548947597154434,0,1,1,1
baseline-generic-hybrid,Hybrid baseline,id,35,40,100,0.0,0.0,0.0,0,-0.003999999999999998,-0.005249999999999998,-0.002678571428571427,1,0.002029316631460631,0.0,0.005212029836829023,0,1,1,1
baseline-generic-hybrid,Hybrid baseline,id,40,45,100,0.0,0.0,0.0,0,-0.003555555555555556,-0.004416666666666667,-0.002666666666666667,1,0.0008702728145052868,0.0,0.0026108184435158603,0,1,1,1
baseline-generic-hybrid,Hybrid baseline,id,45,50,100,0.0,0.0,0.0,0,-0.0030444444444444447,-0.003688888888888889,-0.002444444444444445,1,0.0,0.0,0.0,0,1,1,1
baseline-generic-hybrid,Hybrid baseline,id,50,55,100,0.0,0.0,0.0,0,-0.002490909090909092,-0.003000000000000001,-0.0020000000000000013,1,0.0,0.0,0.0,0,1,1,1
baseline-generic-hybrid,Hybrid baseline,id,55,60,100,0.0,0.0,0.0,0,-0.0020757575757575746,-0.0024999999999999988,-0.0016666666666666657,1,0.0,0.0,0.0,0,1,1,1
chunker-generic-recursive,Recursive chunker,combined,5,10,200,0.2,0.145,0.255,1,-0.0115,-0.023,-2.7755575615628914e-19,1,0.0627467574414015,0.04730920495298736,0.0790268235150186,1,0,0,0
chunker-generic-recursive,Recursive chunker,combined,10,15,200,0.065,0.035,0.1,1,-0.011833333333333336,-0.01633333333333334,-0.007333333333333335,1,0.025269896972384052,0.01612028791201206,0.035434007567938026,1,0,0,0
chunker-generic-recursive,Recursive chunker,combined,15,20,200,0.04,0.015,0.07,1,-0.009166666666666665,-0.011749999999999998,-0.006416666666666665,1,0.012185439417216993,0.005895095491324433,0.019217345577724608,1,0,0,0
chunker-generic-recursive,Recursive chunker,combined,20,25,200,0.015,0.0,0.035,0,-0.004700000000000001,-0.006550000000000003,-0.002750000000000001,1,0.011217529487975483,0.005986824348350486,0.017408460185382193,1,1,1,0
chunker-generic-recursive,Recursive chunker,combined,25,30,200,0.015,0.0,0.035,0,-0.0038000000000000004,-0.0051333333333333335,-0.0024000000000000007,1,0.007671359207278852,0.003539962223858748,0.012477924282404013,1,1,1,1
chunker-generic-recursive,Recursive chunker,combined,30,35,200,0.0,0.0,0.0,0,-0.004428571428571428,-0.0051428571428571435,-0.0037380952380952383,1,0.0005976928848923731,0.0,0.0017930786546771194,0,1,1,1
chunker-generic-recursive,Recursive chunker,combined,35,40,200,0.005,0.0,0.015,0,-0.00294642857142857,-0.00357142857142857,-0.002303571428571427,1,0.0022835212894103036,0.00032084616385791797,0.004996129266723015,1,1,1,1
chunker-generic-recursive,Recursive chunker,combined,40,45,200,0.0,0.0,0.0,0,-0.002736111111111112,-0.0031250000000000006,-0.0023750000000000004,1,0.0,0.0,0.0,0,1,1,1
chunker-generic-recursive,Recursive chunker,combined,45,50,200,0.0,0.0,0.0,0,-0.002188888888888889,-0.0025,-0.0018777777777777781,1,0.0,0.0,0.0,0,1,1,1
chunker-generic-recursive,Recursive chunker,combined,50,55,200,0.0,0.0,0.0,0,-0.001790909090909092,-0.0020454545454545465,-0.0015454545454545465,1,0.0,0.0,0.0,0,1,1,1
chunker-generic-recursive,Recursive chunker,combined,55,60,200,0.0,0.0,0.0,0,-0.0014924242424242415,-0.0017045454545454536,-0.0012803030303030296,1,0.0,0.0,0.0,0,1,1,1
chunker-generic-recursive,Recursive chunker,en,5,10,100,0.19,0.11,0.27,1,-0.019999999999999997,-0.038000000000000006,-0.0020000000000000005,1,0.060566514060156285,0.03942819648930224,0.08433926579000389,1,0,0,0
chunker-generic-recursive,Recursive chunker,en,10,15,100,0.07,0.02,0.13,1,-0.015333333333333334,-0.022333333333333337,-0.008000000000000002,1,0.024406811490530624,0.01167586686059107,0.03898088075885783,1,0,0,0
chunker-generic-recursive,Recursive chunker,en,15,20,100,0.05,0.01,0.1,1,-0.010166666666666666,-0.01416666666666666,-0.006166666666666665,1,0.013919233430591323,0.004752213799347697,0.02499828725897384,1,0,0,0
chunker-generic-recursive,Recursive chunker,en,20,25,100,0.03,0.0,0.07,0,-0.004100000000000002,-0.007100000000000003,-0.0008000000000000012,1,0.017164188504956438,0.007577484125673851,0.02794644081681231,1,0,0,0
chunker-generic-recursive,Recursive chunker,en,25,30,100,0.01,0.0,0.03,0,-0.005066666666666667,-0.0068000000000000005,-0.0032000000000000006,1,0.006743728994099378,0.0012895093574484717,0.013449054571703391,1,1,1,1
chunker-generic-recursive,Recursive chunker,en,30,35,100,0.0,0.0,0.0,0,-0.005047619047619047,-0.005952380952380951,-0.004236904761904779,1,0.0,0.0,0.0,0,1,1,1
chunker-generic-recursive,Recursive chunker,en,35,40,100,0.01,0.0,0.03,0,-0.0032857142857142846,-0.0041785714285714265,-0.0022857142857142833,1,0.0027732354877458053,0.0,0.007425489222582686,0,1,1,1
chunker-generic-recursive,Recursive chunker,en,40,45,100,0.0,0.0,0.0,0,-0.0030000000000000005,-0.0035277777777777772,-0.0025000000000000005,1,0.0,0.0,0.0,0,1,1,1
chunker-generic-recursive,Recursive chunker,en,45,50,100,0.0,0.0,0.0,0,-0.0024000000000000002,-0.0028222222222222225,-0.0020000000000000005,1,0.0,0.0,0.0,0,1,1,1
chunker-generic-recursive,Recursive chunker,en,50,55,100,0.0,0.0,0.0,0,-0.0019636363636363644,-0.0023090909090909104,-0.0016363636363636374,1,0.0,0.0,0.0,0,1,1,1
chunker-generic-recursive,Recursive chunker,en,55,60,100,0.0,0.0,0.0,0,-0.0016363636363636352,-0.001924242424242423,-0.0013636363636363629,1,0.0,0.0,0.0,0,1,1,1
chunker-generic-recursive,Recursive chunker,id,5,10,100,0.21,0.13,0.29,1,-0.0030000000000000005,-0.017,0.011000000000000001,0,0.06492700082264671,0.04271366704353946,0.08804743040891531,1,0,0,0
chunker-generic-recursive,Recursive chunker,id,10,15,100,0.06,0.02,0.11,1,-0.008333333333333337,-0.014333333333333335,-0.002333333333333336,1,0.026132982454237473,0.013564996301760945,0.04040137280829074,1,0,0,0
chunker-generic-recursive,Recursive chunker,id,15,20,100,0.03,0.0,0.07,0,-0.008166666666666666,-0.011499999999999996,-0.0046666666666666645,1,0.010451645403842665,0.002791907477295009,0.01998326574411142,1,0,0,0
chunker-generic-recursive,Recursive chunker,id,20,25,100,0.0,0.0,0.0,0,-0.005300000000000002,-0.007400000000000001,-0.003200000000000002,1,0.0052708704709945285,0.001023517042830655,0.010384309315660308,1,1,1,1
chunker-generic-recursive,Recursive chunker,id,25,30,100,0.02,0.0,0.05,0,-0.002533333333333334,-0.0044666666666666665,-0.00033333333333333376,1,0.008598989420458326,0.002883730944231297,0.01562863209821173,1,1,1,1
chunker-generic-recursive,Recursive chunker,id,30,35,100,0.0,0.0,0.0,0,-0.00380952380952381,-0.0048571428571428585,-0.0027142857142857147,1,0.0011953857697847461,0.0,0.003586157309354239,0,1,1,1
chunker-generic-recursive,Recursive chunker,id,35,40,100,0.0,0.0,0.0,0,-0.0026071428571428556,-0.003428571428571427,-0.0017499999999999983,1,0.0017938070910748013,0.0,0.004739728945508568,0,1,1,1
chunker-generic-recursive,Recursive chunker,id,40,45,100,0.0,0.0,0.0,0,-0.002472222222222223,-0.0030555555555555557,-0.0019444444444444444,1,0.0,0.0,0.0,0,1,1,1
chunker-generic-recursive,Recursive chunker,id,45,50,100,0.0,0.0,0.0,0,-0.001977777777777778,-0.002444444444444445,-0.0015333333333333338,1,0.0,0.0,0.0,0,1,1,1
chunker-generic-recursive,Recursive chunker,id,50,55,100,0.0,0.0,0.0,0,-0.0016181818181818192,-0.0020000000000000013,-0.0012545454545454555,1,0.0,0.0,0.0,0,1,1,1
chunker-generic-recursive,Recursive chunker,id,55,60,100,0.0,0.0,0.0,0,-0.001348484848484848,-0.0016666666666666661,-0.001045454545454545,1,0.0,0.0,0.0,0,1,1,1
chunker-generic-sliding-window,Sliding-window chunker,combined,5,10,200,0.2,0.145,0.26,1,-0.006999999999999999,-0.02,0.005500000000000001,0,0.06966794965971426,0.05331036287079329,0.08668138109894809,1,0,0,0
chunker-generic-sliding-window,Sliding-window chunker,combined,10,15,200,0.06,0.03,0.095,1,-0.014666666666666668,-0.020500000000000004,-0.008833333333333337,1,0.027006300571177907,0.017700386530555418,0.0378320928785875,1,0,0,0
chunker-generic-sliding-window,Sliding-window chunker,combined,15,20,200,0.05,0.02,0.08,1,-0.008083333333333331,-0.011583333333333333,-0.004583333333333332,1,0.023005909002812918,0.015243199747132348,0.03175782931603558,1,0,0,0
chunker-generic-sliding-window,Sliding-window chunker,combined,20,25,200,0.03,0.01,0.055,1,-0.006650000000000002,-0.008950000000000003,-0.004250000000000001,1,0.013501005235947999,0.007764583274234989,0.01993821462794861,1,0,0,0
chunker-generic-sliding-window,Sliding-window chunker,combined,25,30,200,0.01,0.0,0.025,0,-0.0064333333333333334,-0.007766666666666667,-0.005066666666666667,1,0.005219458782991373,0.0020242658897320033,0.00901312022624473,1,1,1,1
chunker-generic-sliding-window,Sliding-window chunker,combined,30,35,200,0.0,0.0,0.0,0,-0.005166666666666666,-0.006095238095238095,-0.0041904761904761915,1,0.0026111229076341337,0.000602606065044758,0.005211955789385405,1,1,1,1
chunker-generic-sliding-window,Sliding-window chunker,combined,35,40,200,0.0,0.0,0.0,0,-0.004374999999999999,-0.0049999999999999975,-0.0037674107142857184,1,0.00032084616385791824,0.0,0.0009625384915737548,0,1,1,1
chunker-generic-sliding-window,Sliding-window chunker,combined,40,45,200,0.0,0.0,0.0,0,-0.0035138888888888897,-0.004000000000000001,-0.0030694444444444445,1,0.0,0.0,0.0,0,1,1,1
chunker-generic-sliding-window,Sliding-window chunker,combined,45,50,200,0.0,0.0,0.0,0,-0.002811111111111111,-0.0031888888888888887,-0.002444444444444445,1,0.0,0.0,0.0,0,1,1,1
chunker-generic-sliding-window,Sliding-window chunker,combined,50,55,200,0.0,0.0,0.0,0,-0.0023000000000000017,-0.0026181818181818194,-0.00200909090909091,1,0.0,0.0,0.0,0,1,1,1
chunker-generic-sliding-window,Sliding-window chunker,combined,55,60,200,0.0,0.0,0.0,0,-0.001916666666666666,-0.002181818181818181,-0.0016666666666666661,1,0.0,0.0,0.0,0,1,1,1
chunker-generic-sliding-window,Sliding-window chunker,en,5,10,100,0.2,0.12,0.28,1,-0.007000000000000001,-0.027024999999999983,0.013999999999999999,0,0.07390301731710423,0.050518228718401864,0.09917691244418107,1,0,0,0
chunker-generic-sliding-window,Sliding-window chunker,en,10,15,100,0.08,0.03,0.14,1,-0.018333333333333333,-0.027333333333333334,-0.009333333333333338,1,0.02834006761696492,0.015097314644707984,0.043315644355195984,1,0,0,0
chunker-generic-sliding-window,Sliding-window chunker,en,15,20,100,0.06,0.02,0.11,1,-0.007166666666666665,-0.012666666666666665,-0.0016666666666666653,1,0.030229139954380244,0.01846982720720299,0.043626129445701795,1,0,0,0
chunker-generic-sliding-window,Sliding-window chunker,en,20,25,100,0.03,0.0,0.07,0,-0.009100000000000002,-0.012200000000000003,-0.0059975000000000375,1,0.01039980088627249,0.003929233523026444,0.018141970445293,1,0,0,0
chunker-generic-sliding-window,Sliding-window chunker,en,25,30,100,0.01,0.0,0.03,0,-0.006733333333333334,-0.0088,-0.004666666666666666,1,0.00642553547133482,0.0017971762163867858,0.011874902688751954,1,1,1,1
chunker-generic-sliding-window,Sliding-window chunker,en,30,35,100,0.0,0.0,0.0,0,-0.005952380952380951,-0.007333333333333333,-0.004476190476190477,1,0.0024207142860618934,0.0,0.006056930728096165,0,1,1,1
chunker-generic-sliding-window,Sliding-window chunker,en,35,40,100,0.0,0.0,0.0,0,-0.004964285714285713,-0.0058214285714285685,-0.004107142857142856,1,0.0,0.0,0.0,0,1,1,1
chunker-generic-sliding-window,Sliding-window chunker,en,40,45,100,0.0,0.0,0.0,0,-0.003861111111111112,-0.004527777777777778,-0.003222222222222222,1,0.0,0.0,0.0,0,1,1,1
chunker-generic-sliding-window,Sliding-window chunker,en,45,50,100,0.0,0.0,0.0,0,-0.003088888888888889,-0.0036222222222222224,-0.0025555555555555566,1,0.0,0.0,0.0,0,1,1,1
chunker-generic-sliding-window,Sliding-window chunker,en,50,55,100,0.0,0.0,0.0,0,-0.0025272727272727287,-0.0029636363636363653,-0.002090909090909092,1,0.0,0.0,0.0,0,1,1,1
chunker-generic-sliding-window,Sliding-window chunker,en,55,60,100,0.0,0.0,0.0,0,-0.002106060606060605,-0.0024696969696969685,-0.001757575757575757,1,0.0,0.0,0.0,0,1,1,1
chunker-generic-sliding-window,Sliding-window chunker,id,5,10,100,0.2,0.13,0.28,1,-0.006999999999999998,-0.023000000000000003,0.009000000000000001,0,0.0654328820023243,0.04405101477010657,0.08852685292246497,1,0,0,0
chunker-generic-sliding-window,Sliding-window chunker,id,10,15,100,0.04,0.01,0.08,1,-0.011000000000000005,-0.018333333333333333,-0.0033333333333333357,1,0.02567253352539089,0.012691624163811728,0.04049068259277021,1,0,0,0
chunker-generic-sliding-window,Sliding-window chunker,id,15,20,100,0.04,0.01,0.08,1,-0.008999999999999998,-0.01333333333333333,-0.004499999999999998,1,0.015782678051245596,0.006279052327430352,0.027238767344280934,1,0,0,0
chunker-generic-sliding-window,Sliding-window chunker,id,20,25,100,0.03,0.0,0.07,0,-0.0042000000000000015,-0.007500000000000002,-0.0007000000000000012,1,0.01660220958562351,0.0073728913449252875,0.027140308344723446,1,0,0,0
chunker-generic-sliding-window,Sliding-window chunker,id,25,30,100,0.01,0.0,0.03,0,-0.006133333333333334,-0.007933333333333334,-0.004333333333333333,1,0.004013382094647925,0.0,0.009453339287526034,0,1,1,1
chunker-generic-sliding-window,Sliding-window chunker,id,30,35,100,0.0,0.0,0.0,0,-0.004380952380952381,-0.005619047619047619,-0.0030952380952380953,1,0.0028015315292063735,0.0,0.006448037997123508,0,1,1,1
chunker-generic-sliding-window,Sliding-window chunker,id,35,40,100,0.0,0.0,0.0,0,-0.0037857142857142837,-0.00464285714285714,-0.002928571428571427,1,0.0006416923277158365,0.0,0.0019250769831475095,0,1,1,1
chunker-generic-sliding-window,Sliding-window chunker,id,40,45,100,0.0,0.0,0.0,0,-0.003166666666666667,-0.003833333333333334,-0.002527777777777778,1,0.0,0.0,0.0,0,1,1,1
chunker-generic-sliding-window,Sliding-window chunker,id,45,50,100,0.0,0.0,0.0,0,-0.002533333333333333,-0.003088888888888889,-0.0020222222222222226,1,0.0,0.0,0.0,0,1,1,1
chunker-generic-sliding-window,Sliding-window chunker,id,50,55,100,0.0,0.0,0.0,0,-0.0020727272727272743,-0.002509090909090911,-0.0016545454545454558,1,0.0,0.0,0.0,0,1,1,1
chunker-generic-sliding-window,Sliding-window chunker,id,55,60,100,0.0,0.0,0.0,0,-0.001727272727272727,-0.0021060606060606057,-0.0013787878787878782,1,0.0,0.0,0.0,0,1,1,1
indexer-generic-sparse,Sparse indexer,combined,5,10,200,0.11,0.07,0.155,1,-0.004000000000000001,-0.013500000000000002,0.0055000000000000005,0,0.03057771721966447,0.019946604478997428,0.04180433695520976,1,0,0,0
indexer-generic-sparse,Sparse indexer,combined,10,15,200,0.04,0.015,0.07,1,-0.006000000000000002,-0.010500000000000002,-0.0013333333333333352,1,0.015167339626632217,0.0079086145853283,0.02329738401816398,1,0,0,0
indexer-generic-sparse,Sparse indexer,combined,15,20,200,0.04,0.015,0.07,1,-0.0034999999999999988,-0.006249999999999999,-0.0007479166666666952,1,0.011424409776564965,0.006369310564289034,0.0173169231109657,1,0,0,0
indexer-generic-sparse,Sparse indexer,combined,20,25,200,0.04,0.015,0.07,1,-0.00030000000000000084,-0.002400000000000001,0.001899999999999999,0,0.015564520742091898,0.009948401610207162,0.02172014832207536,1,0,0,0
indexer-generic-sparse,Sparse indexer,combined,25,30,200,0.035,0.01,0.06,1,-0.0015333333333333338,-0.003133333333333334,9.999999999999946e-05,0,0.011815767882307135,0.006752052734454332,0.017411530947116113,1,0,0,0
indexer-generic-sparse,Sparse indexer,combined,30,35,200,0.005,0.0,0.015,0,-0.0022380952380952387,-0.003380952380952381,-0.001047619047619048,1,0.005710445376459899,0.0027269968785610782,0.009100379053444374,1,1,1,1
indexer-generic-sparse,Sparse indexer,combined,35,40,200,0.015,0.0,0.035,0,-0.0016785714285714277,-0.002607142857142856,-0.0006785714285714274,1,0.006146807602883466,0.002785588017642865,0.010100561405619877,1,1,1,1
indexer-generic-sparse,Sparse indexer,combined,40,45,200,0.025,0.005,0.05,1,-0.0008611111111111114,-0.0018194444444444447,0.00020833333333333308,0,0.008842166386724262,0.004486757615856255,0.013754719043339546,1,0,0,1
indexer-generic-sparse,Sparse indexer,combined,45,50,200,0.005,0.0,0.015,0,-0.0015888888888888888,-0.0022444444444444443,-0.0008555555555555555,1,0.0035128239739930112,0.0008905179677700555,0.006691296669585022,1,1,1,1
indexer-generic-sparse,Sparse indexer,combined,50,55,200,0.01,0.0,0.025,0,-0.0013000000000000008,-0.0018727272727272737,-0.0006363636363636374,1,0.0034227361992633164,0.0008688267143572001,0.0066598195495434515,1,1,1,1
indexer-generic-sparse,Sparse indexer,combined,55,60,200,0.015,0.0,0.035,0,-0.0007499999999999993,-0.0013106060606060596,-0.0001515151515151505,1,0.005649197848047665,0.0023927958713396416,0.009499188811614151,1,1,1,1
indexer-generic-sparse,Sparse indexer,en,5,10,100,0.16,0.09,0.24,1,-0.005000000000000001,-0.021,0.01,0,0.04438930914715334,0.026724204203721375,0.064354146586392,1,0,0,0
indexer-generic-sparse,Sparse indexer,en,10,15,100,0.06,0.02,0.11,1,-0.009000000000000003,-0.01566666666666667,-0.002000000000000003,1,0.018552508368834427,0.007777952247188067,0.031075870558283886,1,0,0,0
indexer-generic-sparse,Sparse indexer,en,15,20,100,0.06,0.02,0.11,1,-0.0034999999999999975,-0.007999999999999997,0.0010000000000000026,0,0.01612643399429161,0.007763251007977533,0.025883271944915368,1,0,0,0
indexer-generic-sparse,Sparse indexer,en,20,25,100,0.02,0.0,0.05,0,-0.0017000000000000012,-0.004800000000000001,0.0013999999999999985,0,0.015588809914838323,0.00783671669790293,0.02448436731461281,1,1,1,0
indexer-generic-sparse,Sparse indexer,en,25,30,100,0.04,0.01,0.08,1,-0.0018000000000000004,-0.004266666666666668,0.000799999999999999,0,0.014609771523888013,0.0070639655131933534,0.02343470893631435,1,0,0,0
indexer-generic-sparse,Sparse indexer,en,30,35,100,0.0,0.0,0.0,0,-0.0032857142857142863,-0.00480952380952381,-0.0016666666666666674,1,0.005135349711050268,0.0009385574520455126,0.00992894686767147,1,1,1,1
indexer-generic-sparse,Sparse indexer,en,35,40,100,0.02,0.0,0.05,0,-0.002714285714285713,-0.003928571428571426,-0.0013928571428571419,1,0.004607102748290086,0.0006372882143962799,0.010017493514161301,1,1,1,1
indexer-generic-sparse,Sparse indexer,en,40,45,100,0.04,0.01,0.08,1,-0.0003333333333333338,-0.0018333333333333337,0.0012499999999999996,0,0.01356920255908876,0.0064310961205546885,0.021984244689800113,1,0,0,0
indexer-generic-sparse,Sparse indexer,en,45,50,100,0.01,0.0,0.03,0,-0.0018666666666666666,-0.0028666666666666675,-0.0006666666666666668,1,0.004273154757481092,0.0,0.009644163247527596,0,1,1,1
indexer-generic-sparse,Sparse indexer,en,50,55,100,0.02,0.0,0.05,0,-0.0011636363636363647,-0.0021090909090909103,-3.63636363636375e-05,1,0.006170233234495958,0.0013505618528999912,0.012414209603776045,1,1,1,1
indexer-generic-sparse,Sparse indexer,en,55,60,100,0.01,0.0,0.03,0,-0.0009696969696969689,-0.0017727272727272722,-7.575757575757475e-05,1,0.006048956532125678,0.0016929380759878143,0.011564131791727219,1,1,1,1
indexer-generic-sparse,Sparse indexer,id,5,10,100,0.06,0.02,0.11,1,-0.002999999999999999,-0.014000000000000002,0.008,0,0.01676612529217561,0.006482565976001244,0.0286855279876057,1,0,0,0
indexer-generic-sparse,Sparse indexer,id,10,15,100,0.02,0.0,0.05,0,-0.0030000000000000005,-0.009000000000000001,0.0036666666666666657,0,0.01178217088443001,0.0035704893066324612,0.022328951307415155,1,1,1,0
indexer-generic-sparse,Sparse indexer,id,15,20,100,0.02,0.0,0.05,0,-0.003499999999999999,-0.006666666666666666,-0.0004999999999999995,1,0.006722385558838324,0.0017016677380105782,0.013518412998990167,1,1,1,1
indexer-generic-sparse,Sparse indexer,id,20,25,100,0.06,0.02,0.11,1,0.0010999999999999996,-0.0017999999999999997,0.0040999999999999995,0,0.015540231569345473,0.007690436998037739,0.02447786632596205,1,0,0,0
indexer-generic-sparse,Sparse indexer,id,25,30,100,0.03,0.0,0.07,0,-0.001266666666666667,-0.0032666666666666673,0.0007333333333333337,0,0.009021764240726255,0.0030030251136951517,0.01627497145547065,1,0,0,1
indexer-generic-sparse,Sparse indexer,id,30,35,100,0.01,0.0,0.03,0,-0.0011904761904761908,-0.0028095238095238095,0.0004761904761904763,0,0.00628554104186953,0.0021120224098900935,0.01131348262409758,1,1,1,1
indexer-generic-sparse,Sparse indexer,id,35,40,100,0.01,0.0,0.03,0,-0.0006428571428571423,-0.0020357142857142852,0.0008214285714285721,0,0.0076865124574768484,0.0026380496943559156,0.01387018704184766,1,1,1,1
indexer-generic-sparse,Sparse indexer,id,40,45,100,0.01,0.0,0.03,0,-0.001388888888888889,-0.002583333333333333,-2.0816681711721684e-19,1,0.004115130214359766,0.0,0.009762280924752635,0,1,1,1
indexer-generic-sparse,Sparse indexer,id,45,50,100,0.0,0.0,0.0,0,-0.0013111111111111112,-0.0021555555555555555,-0.00042222222222222216,1,0.0027524931905049312,0.0,0.006608843406503783,0,1,1,1
indexer-generic-sparse,Sparse indexer,id,50,55,100,0.0,0.0,0.0,0,-0.0014363636363636373,-0.0020363636363636374,-0.0008363636363636369,1,0.0006752391640306754,0.0,0.002025717492092026,0,1,1,1
indexer-generic-sparse,Sparse indexer,id,55,60,100,0.02,0.0,0.05,0,-0.0005303030303030298,-0.0012424242424242421,0.0002878787878787883,0,0.005249439163969651,0.0010245742953959014,0.01101723353708279,1,1,1,1
indexer-generic-dense,Dense indexer,combined,5,10,200,0.18,0.13,0.235,1,-0.028500000000000004,-0.043,-0.014500000000000002,1,0.06385867784997308,0.049069723961333515,0.07911208214426976,1,0,0,0
indexer-generic-dense,Dense indexer,combined,10,15,200,0.095,0.055,0.14,1,-0.018166666666666668,-0.024666666666666667,-0.011666666666666669,1,0.028184704447609833,0.020003432763574063,0.037121298248719826,1,0,0,0
indexer-generic-dense,Dense indexer,combined,15,20,200,0.045,0.02,0.075,1,-0.00958333333333333,-0.013499999999999996,-0.005499999999999998,1,0.024311174676558998,0.017113956933061183,0.03195146081758841,1,0,0,0
indexer-generic-dense,Dense indexer,combined,20,25,200,0.015,0.0,0.035,0,-0.008350000000000002,-0.011000000000000003,-0.005450000000000003,1,0.014209587233229586,0.008985152353443616,0.01985626381889824,1,1,1,0
indexer-generic-dense,Dense indexer,combined,25,30,200,0.005,0.0,0.015,0,-0.005900000000000001,-0.0077,-0.004000000000000001,1,0.011762193233936463,0.0075890200702087894,0.016590779075830675,1,1,1,0
indexer-generic-dense,Dense indexer,combined,30,35,200,0.015,0.0,0.035,0,-0.004642857142857144,-0.006190476190476191,-0.0030238095238095254,1,0.010610412396590748,0.006529009462784518,0.015123726024709709,1,1,1,0
indexer-generic-dense,Dense indexer,combined,35,40,200,0.03,0.01,0.055,1,-0.0033571428571428554,-0.0047678571428571405,-0.0018571428571428552,1,0.013256930996133237,0.00799569450700593,0.019214029849624253,1,0,0,0
indexer-generic-dense,Dense indexer,combined,40,45,200,0.005,0.0,0.015,0,-0.003833333333333334,-0.004708333333333334,-0.002888888888888889,1,0.006195964708613959,0.0030603692858209106,0.009799695132503053,1,1,1,1
indexer-generic-dense,Dense indexer,combined,45,50,200,0.015,0.0,0.035,0,-0.002766666666666667,-0.0036444444444444445,-0.0018444444444444446,1,0.007532394163489133,0.004062651872067472,0.011502369767971974,1,1,1,1
indexer-generic-dense,Dense indexer,combined,50,55,200,0.01,0.0,0.025,0,-0.0019909090909090927,-0.0028818181818181833,-0.001036363636363638,1,0.008206281168212627,0.004327551489330889,0.012338173798538273,1,1,1,1
indexer-generic-dense,Dense indexer,combined,55,60,200,0.0,0.0,0.0,0,-0.0022424242424242406,-0.002871212121212119,-0.0015681818181818169,1,0.0040430235107054395,0.0019535509412939626,0.0065411242451203925,1,1,1,1
indexer-generic-dense,Dense indexer,en,5,10,100,0.21,0.13,0.29,1,-0.031000000000000007,-0.054000000000000006,-0.008975000000000361,1,0.0713197407741923,0.049774921993016245,0.09409763739154763,1,0,0,0
indexer-generic-dense,Dense indexer,en,10,15,100,0.09,0.04,0.15,1,-0.023,-0.03233333333333333,-0.013333333333333334,1,0.024866357145971286,0.014019818353639994,0.03706570285694906,1,0,0,0
indexer-generic-dense,Dense indexer,en,15,20,100,0.03,0.0,0.07,0,-0.011,-0.016333333333333328,-0.005499999999999996,1,0.022132220860949677,0.012769731393757405,0.03285345541000803,1,0,0,0
indexer-generic-dense,Dense indexer,en,20,25,100,0.03,0.0,0.07,0,-0.009000000000000001,-0.013000000000000003,-0.004700000000000001,1,0.014541029785457632,0.006838649426345536,0.023401501174606324,1,0,0,0
indexer-generic-dense,Dense indexer,en,25,30,100,0.0,0.0,0.0,0,-0.006000000000000001,-0.008533333333333334,-0.0032666666666666677,1,0.011439349484113787,0.0056525325069041905,0.017972603700621276,1,1,1,0
indexer-generic-dense,Dense indexer,en,30,35,100,0.01,0.0,0.03,0,-0.004000000000000001,-0.006285714285714286,-0.0015226190476190658,1,0.013311189455117662,0.006814508717691268,0.02082055013598914,1,1,1,0
indexer-generic-dense,Dense indexer,en,35,40,100,0.03,0.0,0.07,0,-0.0032499999999999985,-0.005392857142857139,-0.0010357142857142837,1,0.014740714872063717,0.007092229808420911,0.023575188675375378,1,0,0,0
indexer-generic-dense,Dense indexer,en,40,45,100,0.0,0.0,0.0,0,-0.0036388888888888894,-0.004916666666666667,-0.0022222222222222222,1,0.0071425536256783575,0.0028769727390064556,0.012112027461252539,1,1,1,1
indexer-generic-dense,Dense indexer,en,45,50,100,0.01,0.0,0.03,0,-0.0033111111111111115,-0.004422222222222222,-0.002111111111111111,1,0.0051187936013336955,0.0017907519358594467,0.009118273017774974,1,1,1,1
indexer-generic-dense,Dense indexer,en,50,55,100,0.02,0.0,0.05,0,-0.002163636363636366,-0.0034909090909090936,-0.0006181818181818203,1,0.009574497457063241,0.0034888740717979295,0.017000540821021842,1,1,1,1
indexer-generic-dense,Dense indexer,en,55,60,100,0.0,0.0,0.0,0,-0.002636363636363635,-0.0034848484848484847,-0.0016363636363636355,1,0.0029671254657229534,0.0005765439147466355,0.006426510066200277,1,1,1,1
indexer-generic-dense,Dense indexer,id,5,10,100,0.15,0.08,0.22,1,-0.026000000000000002,-0.04300000000000001,-0.009000000000000001,1,0.056397614925753875,0.03817614264367822,0.07602729881156697,1,0,0,0
indexer-generic-dense,Dense indexer,id,10,15,100,0.1,0.05,0.16,1,-0.013333333333333338,-0.021333333333333336,-0.005000000000000002,1,0.03150305174924837,0.019558609956046677,0.04463648073559809,1,0,0,0
indexer-generic-dense,Dense indexer,id,15,20,100,0.06,0.02,0.11,1,-0.008166666666666664,-0.013833333333333331,-0.0023333333333333305,1,0.026490128492168315,0.01614477705965024,0.0376337175683024,1,0,0,0
indexer-generic-dense,Dense indexer,id,20,25,100,0.0,0.0,0.0,0,-0.007700000000000002,-0.0114,-0.0039000000000000024,1,0.01387814468100154,0.00690802789783871,0.021894184193347786,1,1,1,0
indexer-generic-dense,Dense indexer,id,25,30,100,0.01,0.0,0.03,0,-0.0058000000000000005,-0.008333333333333333,-0.0031999999999999997,1,0.012085036983759134,0.0060256362754420945,0.01912409798457062,1,1,1,0
indexer-generic-dense,Dense indexer,id,30,35,100,0.02,0.0,0.05,0,-0.005285714285714288,-0.007285714285714287,-0.0031904761904761906,1,0.007909635338063832,0.0032050039960243447,0.013425307172502038,1,1,1,1
indexer-generic-dense,Dense indexer,id,35,40,100,0.03,0.0,0.07,0,-0.0034642857142857127,-0.005249999999999997,-0.0015357142857142841,1,0.011773147120202755,0.005155968712189013,0.019740023959594125,1,0,0,0
indexer-generic-dense,Dense indexer,id,40,45,100,0.01,0.0,0.03,0,-0.004027777777777778,-0.005222222222222223,-0.002694444444444445,1,0.00524937579154956,0.000859574327152926,0.010615371485750383,1,1,1,1
indexer-generic-dense,Dense indexer,id,45,50,100,0.02,0.0,0.05,0,-0.0022222222222222222,-0.003488888888888888,-0.0008666666666666665,1,0.00994599472564457,0.0042172370011977,0.016889553878981292,1,1,1,1
indexer-generic-dense,Dense indexer,id,50,55,100,0.0,0.0,0.0,0,-0.00181818181818182,-0.002945454545454547,-0.0005454545454545468,1,0.006838064879362017,0.0028182787303523953,0.011531423106898826,1,1,1,1
indexer-generic-dense,Dense indexer,id,55,60,100,0.0,0.0,0.0,0,-0.0018484848484848465,-0.0026818181818181797,-0.0009393939393939374,1,0.005118921555687926,0.0018272161262766606,0.008873537236474624,1,1,1,1
