analysis_scope,condition_id,condition_label,cutoff_k,question_count,mean_retrieved_count,mean_hit_chunk_count,chunk_precision,chunk_success,gold_block_recall,chunk_ndcg,empty_rate,median_latency_ms
combined,baseline-generic-hybrid,Hybrid baseline,5,200,25.03,0.5,0.1,0.375,0.375,0.18034146448386884,0.0,11237.8195
combined,baseline-generic-hybrid,Hybrid baseline,10,200,25.03,0.83,0.083,0.575,0.575,0.248107273142034,0.0,11237.8195
combined,baseline-generic-hybrid,Hybrid baseline,15,200,25.03,1.04,0.06933333333333333,0.655,0.655,0.2836409188244786,0.0,11237.8195
combined,baseline-generic-hybrid,Hybrid baseline,20,200,25.03,1.235,0.06175,0.705,0.705,0.31026928188433883,0.0,11237.8195
combined,baseline-generic-hybrid,Hybrid baseline,25,200,25.03,1.37,0.0548,0.74,0.74,0.32750504334240177,0.0,11237.8195
combined,baseline-generic-hybrid,Hybrid baseline,30,200,25.03,1.43,0.04766666666666666,0.74,0.74,0.33330343715546124,0.0,11237.8195
combined,baseline-generic-hybrid,Hybrid baseline,35,200,25.03,1.455,0.04157142857142857,0.74,0.74,0.33524614321849117,0.0,11237.8195
combined,baseline-generic-hybrid,Hybrid baseline,40,200,25.03,1.475,0.036875,0.74,0.74,0.33657732688477454,0.0,11237.8195
combined,baseline-generic-hybrid,Hybrid baseline,45,200,25.03,1.495,0.03322222222222222,0.745,0.745,0.3386715178264039,0.0,11237.8195
combined,baseline-generic-hybrid,Hybrid baseline,50,200,25.03,1.495,0.029900000000000003,0.745,0.745,0.3386715178264039,0.0,11237.8195
combined,baseline-generic-hybrid,Hybrid baseline,55,200,25.03,1.495,0.027181818181818182,0.745,0.745,0.3386715178264039,0.0,11237.8195
combined,baseline-generic-hybrid,Hybrid baseline,60,200,25.03,1.495,0.024916666666666667,0.745,0.745,0.3386715178264039,0.0,11237.8195
combined,chunker-generic-recursive,Recursive chunker,5,200,25.285,0.365,0.07300000000000001,0.29,0.29,0.17228382499995337,0.0,5870.0154999999995
combined,chunker-generic-recursive,Recursive chunker,10,200,25.285,0.615,0.061500000000000006,0.49,0.49,0.23503058244135488,0.0,5870.0154999999995
combined,chunker-generic-recursive,Recursive chunker,15,200,25.285,0.745,0.049666666666666665,0.555,0.555,0.26030047941373896,0.0,5870.0154999999995
combined,chunker-generic-recursive,Recursive chunker,20,200,25.285,0.81,0.0405,0.595,0.595,0.2724859188309559,0.0,5870.0154999999995
combined,chunker-generic-recursive,Recursive chunker,25,200,25.285,0.895,0.0358,0.61,0.61,0.2837034483189314,0.0,5870.0154999999995
combined,chunker-generic-recursive,Recursive chunker,30,200,25.285,0.96,0.032,0.625,0.625,0.29137480752621026,0.0,5870.0154999999995
combined,chunker-generic-recursive,Recursive chunker,35,200,25.285,0.965,0.02757142857142857,0.625,0.625,0.2919725004111026,0.0,5870.0154999999995
combined,chunker-generic-recursive,Recursive chunker,40,200,25.285,0.985,0.024624999999999998,0.63,0.63,0.2942560217005129,0.0,5870.0154999999995
combined,chunker-generic-recursive,Recursive chunker,45,200,25.285,0.985,0.021888888888888892,0.63,0.63,0.2942560217005129,0.0,5870.0154999999995
combined,chunker-generic-recursive,Recursive chunker,50,200,25.285,0.985,0.0197,0.63,0.63,0.2942560217005129,0.0,5870.0154999999995
combined,chunker-generic-recursive,Recursive chunker,55,200,25.285,0.985,0.01790909090909091,0.63,0.63,0.2942560217005129,0.0,5870.0154999999995
combined,chunker-generic-recursive,Recursive chunker,60,200,25.285,0.985,0.016416666666666666,0.63,0.63,0.2942560217005129,0.0,5870.0154999999995
combined,chunker-generic-sliding-window,Sliding-window chunker,5,200,25.655,0.42,0.084,0.335,0.335,0.18355269164718416,0.0,5855.023499999999
combined,chunker-generic-sliding-window,Sliding-window chunker,10,200,25.655,0.77,0.077,0.535,0.535,0.25322064130689836,0.0,5855.023499999999
combined,chunker-generic-sliding-window,Sliding-window chunker,15,200,25.655,0.935,0.06233333333333333,0.595,0.595,0.2802269418780763,0.0,5855.023499999999
combined,chunker-generic-sliding-window,Sliding-window chunker,20,200,25.655,1.085,0.05425,0.645,0.645,0.30323285088088925,0.0,5855.023499999999
combined,chunker-generic-sliding-window,Sliding-window chunker,25,200,25.655,1.19,0.047599999999999996,0.675,0.675,0.31673385611683724,0.0,5855.023499999999
combined,chunker-generic-sliding-window,Sliding-window chunker,30,200,25.655,1.235,0.041166666666666664,0.685,0.685,0.32195331489982865,0.0,5855.023499999999
combined,chunker-generic-sliding-window,Sliding-window chunker,35,200,25.655,1.26,0.036000000000000004,0.685,0.685,0.32456443780746275,0.0,5855.023499999999
combined,chunker-generic-sliding-window,Sliding-window chunker,40,200,25.655,1.265,0.031625,0.685,0.685,0.32488528397132066,0.0,5855.023499999999
combined,chunker-generic-sliding-window,Sliding-window chunker,45,200,25.655,1.265,0.028111111111111114,0.685,0.685,0.32488528397132066,0.0,5855.023499999999
combined,chunker-generic-sliding-window,Sliding-window chunker,50,200,25.655,1.265,0.025300000000000003,0.685,0.685,0.32488528397132066,0.0,5855.023499999999
combined,chunker-generic-sliding-window,Sliding-window chunker,55,200,25.655,1.265,0.023,0.685,0.685,0.32488528397132066,0.0,5855.023499999999
combined,chunker-generic-sliding-window,Sliding-window chunker,60,200,25.655,1.265,0.021083333333333332,0.685,0.685,0.32488528397132066,0.0,5855.023499999999
combined,indexer-generic-sparse,Sparse indexer,5,200,48.44,0.215,0.043,0.155,0.155,0.07204461738369843,0.015,3484.9905
combined,indexer-generic-sparse,Sparse indexer,10,200,48.44,0.39,0.03900000000000001,0.265,0.265,0.1026223346033629,0.015,3484.9905
combined,indexer-generic-sparse,Sparse indexer,15,200,48.44,0.495,0.033,0.305,0.305,0.1177896742299951,0.015,3484.9905
combined,indexer-generic-sparse,Sparse indexer,20,200,48.44,0.59,0.029500000000000002,0.345,0.345,0.12921408400656006,0.015,3484.9905
combined,indexer-generic-sparse,Sparse indexer,25,200,48.44,0.73,0.0292,0.385,0.385,0.14477860474865198,0.015,3484.9905
combined,indexer-generic-sparse,Sparse indexer,30,200,48.44,0.83,0.027666666666666666,0.42,0.42,0.15659437263095913,0.015,3484.9905
combined,indexer-generic-sparse,Sparse indexer,35,200,48.44,0.89,0.025428571428571425,0.425,0.425,0.16230481800741903,0.015,3484.9905
combined,indexer-generic-sparse,Sparse indexer,40,200,48.44,0.95,0.02375,0.44,0.44,0.16845162561030247,0.015,3484.9905
combined,indexer-generic-sparse,Sparse indexer,45,200,48.44,1.03,0.02288888888888889,0.465,0.465,0.17729379199702675,0.015,3484.9905
combined,indexer-generic-sparse,Sparse indexer,50,200,48.44,1.065,0.0213,0.47,0.47,0.18080661597101977,0.015,3484.9905
combined,indexer-generic-sparse,Sparse indexer,55,200,48.44,1.1,0.02,0.48,0.48,0.18422935217028308,0.015,3484.9905
combined,indexer-generic-sparse,Sparse indexer,60,200,48.44,1.155,0.01925,0.495,0.495,0.18987855001833073,0.015,3484.9905
combined,indexer-generic-dense,Dense indexer,5,200,60.0,0.635,0.127,0.445,0.445,0.20788305004519805,0.0,3612.9645
combined,indexer-generic-dense,Dense indexer,10,200,60.0,0.985,0.09849999999999999,0.625,0.625,0.27174172789517115,0.0,3612.9645
combined,indexer-generic-dense,Dense indexer,15,200,60.0,1.205,0.08033333333333333,0.72,0.72,0.299926432342781,0.0,3612.9645
combined,indexer-generic-dense,Dense indexer,20,200,60.0,1.415,0.07075000000000001,0.765,0.765,0.32423760701933996,0.0,3612.9645
combined,indexer-generic-dense,Dense indexer,25,200,60.0,1.56,0.062400000000000004,0.78,0.78,0.3384471942525695,0.0,3612.9645
combined,indexer-generic-dense,Dense indexer,30,200,60.0,1.695,0.0565,0.785,0.785,0.350209387486506,0.0,3612.9645
combined,indexer-generic-dense,Dense indexer,35,200,60.0,1.815,0.05185714285714286,0.8,0.8,0.36081979988309676,0.0,3612.9645
combined,indexer-generic-dense,Dense indexer,40,200,60.0,1.94,0.048499999999999995,0.83,0.83,0.37407673087923,0.0,3612.9645
combined,indexer-generic-dense,Dense indexer,45,200,60.0,2.01,0.04466666666666667,0.835,0.835,0.380272695587844,0.0,3612.9645
combined,indexer-generic-dense,Dense indexer,50,200,60.0,2.095,0.04190000000000001,0.85,0.85,0.3878050897513331,0.0,3612.9645
combined,indexer-generic-dense,Dense indexer,55,200,60.0,2.195,0.03990909090909091,0.86,0.86,0.3960113709195457,0.0,3612.9645
combined,indexer-generic-dense,Dense indexer,60,200,60.0,2.26,0.03766666666666667,0.86,0.86,0.4000543944302512,0.0,3612.9645
